<cacti>	
	<hash_00001966df76d70634d7660496018de6f7d534>
		<name>Local - CaMM Poller Snmptt Statistics</name>
		<graph>
			<t_title></t_title>
			<title>Local - CaMM Poller Snmptt Statistics</title>
			<t_image_format_id></t_image_format_id>
			<image_format_id>1</image_format_id>
			<t_height></t_height>
			<height>150</height>
			<t_width></t_width>
			<width>650</width>
			<t_slope_mode></t_slope_mode>
			<slope_mode>on</slope_mode>
			<t_auto_scale></t_auto_scale>
			<auto_scale>on</auto_scale>
			<t_auto_scale_opts></t_auto_scale_opts>
			<auto_scale_opts>2</auto_scale_opts>
			<t_auto_scale_log></t_auto_scale_log>
			<auto_scale_log></auto_scale_log>
			<t_scale_log_units></t_scale_log_units>
			<scale_log_units></scale_log_units>
			<t_auto_scale_rigid></t_auto_scale_rigid>
			<auto_scale_rigid></auto_scale_rigid>
			<t_auto_padding></t_auto_padding>
			<auto_padding>on</auto_padding>
			<t_export></t_export>
			<export>on</export>
			<t_upper_limit></t_upper_limit>
			<upper_limit>0</upper_limit>
			<t_lower_limit></t_lower_limit>
			<lower_limit>0</lower_limit>
			<t_base_value></t_base_value>
			<base_value>1000</base_value>
			<t_unit_value></t_unit_value>
			<unit_value></unit_value>
			<t_unit_exponent_value></t_unit_exponent_value>
			<unit_exponent_value></unit_exponent_value>
			<t_vertical_label></t_vertical_label>
			<vertical_label>rows</vertical_label>
		</graph>
		<items>
			<hash_1000196c08f8b72dae05cc85bd9fd98b1963a3>
				<task_item_id>hash_0800199f96c31f67b403eeaddddc197883f478</task_item_id>
				<color_id>2175D9</color_id>
				<alpha>FF</alpha>
				<graph_type_id>7</graph_type_id>
				<consolidation_function_id>4</consolidation_function_id>
				<cdef_id>0</cdef_id>
				<value></value>
				<gprint_id>hash_060019e9c43831e54eca8069317a2ce8c6f751</gprint_id>
				<text_format>Old rows:         </text_format>
				<hard_return></hard_return>
				<sequence>1</sequence>
			</hash_1000196c08f8b72dae05cc85bd9fd98b1963a3>
			<hash_10001907630b2c3298ce927b1e92744b8ea429>
				<task_item_id>hash_0800191d5097826319f88af0d2fc67f56660d9</task_item_id>
				<color_id>0</color_id>
				<alpha>FF</alpha>
				<graph_type_id>9</graph_type_id>
				<consolidation_function_id>4</consolidation_function_id>
				<cdef_id>0</cdef_id>
				<value></value>
				<gprint_id>hash_060019e9c43831e54eca8069317a2ce8c6f751</gprint_id>
				<text_format>Current:</text_format>
				<hard_return></hard_return>
				<sequence>2</sequence>
			</hash_10001907630b2c3298ce927b1e92744b8ea429>
			<hash_100019b820a607f9beb5e66d6c5758825adc8e>
				<task_item_id>hash_0800191d5097826319f88af0d2fc67f56660d9</task_item_id>
				<color_id>0</color_id>
				<alpha>FF</alpha>
				<graph_type_id>9</graph_type_id>
				<consolidation_function_id>1</consolidation_function_id>
				<cdef_id>0</cdef_id>
				<value></value>
				<gprint_id>hash_060019e9c43831e54eca8069317a2ce8c6f751</gprint_id>
				<text_format>Average:</text_format>
				<hard_return></hard_return>
				<sequence>3</sequence>
			</hash_100019b820a607f9beb5e66d6c5758825adc8e>
			<hash_10001920d82873861bdb73de5584c05724b069>
				<task_item_id>hash_0800191d5097826319f88af0d2fc67f56660d9</task_item_id>
				<color_id>0</color_id>
				<alpha>FF</alpha>
				<graph_type_id>9</graph_type_id>
				<consolidation_function_id>3</consolidation_function_id>
				<cdef_id>0</cdef_id>
				<value></value>
				<gprint_id>hash_060019e9c43831e54eca8069317a2ce8c6f751</gprint_id>
				<text_format>Max:</text_format>
				<hard_return>on</hard_return>
				<sequence>4</sequence>
			</hash_10001920d82873861bdb73de5584c05724b069>
			<hash_100019724058b8d597fd044f6446e647b4ff2e>
				<task_item_id>hash_0800199f96c31f67b403eeaddddc197883f478</task_item_id>
				<color_id>000000</color_id>
				<alpha>FF</alpha>
				<graph_type_id>4</graph_type_id>
				<consolidation_function_id>1</consolidation_function_id>
				<cdef_id>0</cdef_id>
				<value></value>
				<gprint_id>hash_060019e9c43831e54eca8069317a2ce8c6f751</gprint_id>
				<text_format>All rows:</text_format>
				<hard_return></hard_return>
				<sequence>5</sequence>
			</hash_100019724058b8d597fd044f6446e647b4ff2e>
			<hash_1000194b49b00e90bf4bba254fc640ca387c9b>
				<task_item_id>hash_0800199f96c31f67b403eeaddddc197883f478</task_item_id>
				<color_id>0</color_id>
				<alpha>FF</alpha>
				<graph_type_id>9</graph_type_id>
				<consolidation_function_id>4</consolidation_function_id>
				<cdef_id>0</cdef_id>
				<value></value>
				<gprint_id>hash_060019e9c43831e54eca8069317a2ce8c6f751</gprint_id>
				<text_format>Current:</text_format>
				<hard_return></hard_return>
				<sequence>6</sequence>
			</hash_1000194b49b00e90bf4bba254fc640ca387c9b>
			<hash_1000192615c8beb19a0ac69e23d9bb5a12cfdb>
				<task_item_id>hash_0800199f96c31f67b403eeaddddc197883f478</task_item_id>
				<color_id>0</color_id>
				<alpha>FF</alpha>
				<graph_type_id>9</graph_type_id>
				<consolidation_function_id>3</consolidation_function_id>
				<cdef_id>0</cdef_id>
				<value></value>
				<gprint_id>hash_060019e9c43831e54eca8069317a2ce8c6f751</gprint_id>
				<text_format>Max:</text_format>
				<hard_return>on</hard_return>
				<sequence>7</sequence>
			</hash_1000192615c8beb19a0ac69e23d9bb5a12cfdb>
			<hash_1000195f01b318c071f2fda95399c52921a544>
				<task_item_id>hash_080019a94db1a4e21904c2dda9acf5e0248877</task_item_id>
				<color_id>00FF00</color_id>
				<alpha>FF</alpha>
				<graph_type_id>7</graph_type_id>
				<consolidation_function_id>4</consolidation_function_id>
				<cdef_id>0</cdef_id>
				<value></value>
				<gprint_id>hash_060019e9c43831e54eca8069317a2ce8c6f751</gprint_id>
				<text_format>Active:     </text_format>
				<hard_return></hard_return>
				<sequence>8</sequence>
			</hash_1000195f01b318c071f2fda95399c52921a544>
			<hash_100019531812176b9cefcba0f1808e8e3f614a>
				<task_item_id>hash_080019a94db1a4e21904c2dda9acf5e0248877</task_item_id>
				<color_id>0</color_id>
				<alpha>FF</alpha>
				<graph_type_id>9</graph_type_id>
				<consolidation_function_id>4</consolidation_function_id>
				<cdef_id>0</cdef_id>
				<value></value>
				<gprint_id>hash_060019e9c43831e54eca8069317a2ce8c6f751</gprint_id>
				<text_format>Current:</text_format>
				<hard_return></hard_return>
				<sequence>9</sequence>
			</hash_100019531812176b9cefcba0f1808e8e3f614a>
			<hash_1000193635768f3083b312174ce22244ee61db>
				<task_item_id>hash_080019a94db1a4e21904c2dda9acf5e0248877</task_item_id>
				<color_id>0</color_id>
				<alpha>FF</alpha>
				<graph_type_id>9</graph_type_id>
				<consolidation_function_id>1</consolidation_function_id>
				<cdef_id>0</cdef_id>
				<value></value>
				<gprint_id>hash_060019e9c43831e54eca8069317a2ce8c6f751</gprint_id>
				<text_format>Average:</text_format>
				<hard_return></hard_return>
				<sequence>10</sequence>
			</hash_1000193635768f3083b312174ce22244ee61db>
			<hash_1000191ba193ec1f0ecbf52c3bfb9269f62181>
				<task_item_id>hash_080019a94db1a4e21904c2dda9acf5e0248877</task_item_id>
				<color_id>0</color_id>
				<alpha>FF</alpha>
				<graph_type_id>9</graph_type_id>
				<consolidation_function_id>3</consolidation_function_id>
				<cdef_id>0</cdef_id>
				<value></value>
				<gprint_id>hash_060019e9c43831e54eca8069317a2ce8c6f751</gprint_id>
				<text_format>Max:</text_format>
				<hard_return>on</hard_return>
				<sequence>11</sequence>
			</hash_1000191ba193ec1f0ecbf52c3bfb9269f62181>
			<hash_1000199275781407196cda25b5bf8425fd91c9>
				<task_item_id>hash_08001951e61cdbbb93134bbc352009f5d191c6</task_item_id>
				<color_id>FF0000</color_id>
				<alpha>FF</alpha>
				<graph_type_id>4</graph_type_id>
				<consolidation_function_id>1</consolidation_function_id>
				<cdef_id>0</cdef_id>
				<value></value>
				<gprint_id>hash_06001919414480d6897c8731c7dc6c5310653e</gprint_id>
				<text_format>Max count:</text_format>
				<hard_return></hard_return>
				<sequence>12</sequence>
			</hash_1000199275781407196cda25b5bf8425fd91c9>
			<hash_100019150f0fb8f5e1eed41be7e44971bf90b8>
				<task_item_id>hash_08001951e61cdbbb93134bbc352009f5d191c6</task_item_id>
				<color_id>0</color_id>
				<alpha>FF</alpha>
				<graph_type_id>9</graph_type_id>
				<consolidation_function_id>4</consolidation_function_id>
				<cdef_id>0</cdef_id>
				<value></value>
				<gprint_id>hash_06001919414480d6897c8731c7dc6c5310653e</gprint_id>
				<text_format>Current:</text_format>
				<hard_return>on</hard_return>
				<sequence>13</sequence>
			</hash_100019150f0fb8f5e1eed41be7e44971bf90b8>
			<hash_100019e462cf5f16aefdcc4c615597c2bb7478>
				<task_item_id>hash_080019f116bd5d15eee4b79314f721ca305589</task_item_id>
				<color_id>FFFF00</color_id>
				<alpha>FF</alpha>
				<graph_type_id>7</graph_type_id>
				<consolidation_function_id>1</consolidation_function_id>
				<cdef_id>0</cdef_id>
				<value></value>
				<gprint_id>hash_06001919414480d6897c8731c7dc6c5310653e</gprint_id>
				<text_format>RuleDel:</text_format>
				<hard_return></hard_return>
				<sequence>14</sequence>
			</hash_100019e462cf5f16aefdcc4c615597c2bb7478>
			<hash_100019288feb7a715a486bc87d757406d7a721>
				<task_item_id>hash_080019f116bd5d15eee4b79314f721ca305589</task_item_id>
				<color_id>0</color_id>
				<alpha>FF</alpha>
				<graph_type_id>9</graph_type_id>
				<consolidation_function_id>4</consolidation_function_id>
				<cdef_id>0</cdef_id>
				<value></value>
				<gprint_id>hash_06001919414480d6897c8731c7dc6c5310653e</gprint_id>
				<text_format>Current:</text_format>
				<hard_return></hard_return>
				<sequence>15</sequence>
			</hash_100019288feb7a715a486bc87d757406d7a721>
			<hash_100019cf594bf3533c1e322ca7fc2df68aba6d>
				<task_item_id>hash_080019f116bd5d15eee4b79314f721ca305589</task_item_id>
				<color_id>0</color_id>
				<alpha>FF</alpha>
				<graph_type_id>9</graph_type_id>
				<consolidation_function_id>1</consolidation_function_id>
				<cdef_id>0</cdef_id>
				<value></value>
				<gprint_id>hash_06001919414480d6897c8731c7dc6c5310653e</gprint_id>
				<text_format>Average:</text_format>
				<hard_return></hard_return>
				<sequence>16</sequence>
			</hash_100019cf594bf3533c1e322ca7fc2df68aba6d>
			<hash_10001910e02f91cdd41222dc72cdc9abaade0f>
				<task_item_id>hash_080019f116bd5d15eee4b79314f721ca305589</task_item_id>
				<color_id>0</color_id>
				<alpha>FF</alpha>
				<graph_type_id>9</graph_type_id>
				<consolidation_function_id>3</consolidation_function_id>
				<cdef_id>0</cdef_id>
				<value></value>
				<gprint_id>hash_06001919414480d6897c8731c7dc6c5310653e</gprint_id>
				<text_format>Max:</text_format>
				<hard_return>on</hard_return>
				<sequence>17</sequence>
			</hash_10001910e02f91cdd41222dc72cdc9abaade0f>
			<hash_1000196cbc43cd4e35fc0a060fa390c6b77df6>
				<task_item_id>hash_0800197191a2896beaba088bd80fcfc6f37e81</task_item_id>
				<color_id>F51D30</color_id>
				<alpha>FF</alpha>
				<graph_type_id>7</graph_type_id>
				<consolidation_function_id>4</consolidation_function_id>
				<cdef_id>hash_0500193d352eed9fa8f7b2791205b3273708c7</cdef_id>
				<value></value>
				<gprint_id>hash_060019e9c43831e54eca8069317a2ce8c6f751</gprint_id>
				<text_format>AutoDel:      </text_format>
				<hard_return></hard_return>
				<sequence>18</sequence>
			</hash_1000196cbc43cd4e35fc0a060fa390c6b77df6>
			<hash_100019e59a2e86a758d0e281901d9d57eab40f>
				<task_item_id>hash_0800197191a2896beaba088bd80fcfc6f37e81</task_item_id>
				<color_id>0</color_id>
				<alpha>FF</alpha>
				<graph_type_id>9</graph_type_id>
				<consolidation_function_id>4</consolidation_function_id>
				<cdef_id>0</cdef_id>
				<value></value>
				<gprint_id>hash_06001919414480d6897c8731c7dc6c5310653e</gprint_id>
				<text_format>Current:</text_format>
				<hard_return></hard_return>
				<sequence>19</sequence>
			</hash_100019e59a2e86a758d0e281901d9d57eab40f>
			<hash_10001973d2e3bc55d22308cdff3ebd494091eb>
				<task_item_id>hash_0800197191a2896beaba088bd80fcfc6f37e81</task_item_id>
				<color_id>0</color_id>
				<alpha>FF</alpha>
				<graph_type_id>9</graph_type_id>
				<consolidation_function_id>1</consolidation_function_id>
				<cdef_id>0</cdef_id>
				<value></value>
				<gprint_id>hash_06001919414480d6897c8731c7dc6c5310653e</gprint_id>
				<text_format>Average:</text_format>
				<hard_return></hard_return>
				<sequence>20</sequence>
			</hash_10001973d2e3bc55d22308cdff3ebd494091eb>
			<hash_100019420fe67ee50d2ffd56ab0d637dadc091>
				<task_item_id>hash_0800197191a2896beaba088bd80fcfc6f37e81</task_item_id>
				<color_id>0</color_id>
				<alpha>FF</alpha>
				<graph_type_id>9</graph_type_id>
				<consolidation_function_id>3</consolidation_function_id>
				<cdef_id>0</cdef_id>
				<value></value>
				<gprint_id>hash_06001919414480d6897c8731c7dc6c5310653e</gprint_id>
				<text_format>Max:</text_format>
				<hard_return>on</hard_return>
				<sequence>21</sequence>
			</hash_100019420fe67ee50d2ffd56ab0d637dadc091>
		</items>
		<inputs>
			<hash_090019011b3dc4272cc6726203921a3fd65dcd>
				<name>Data Source [camm_snmptt_max_row]</name>
				<description></description>
				<column_name>task_item_id</column_name>
				<items>hash_000019150f0fb8f5e1eed41be7e44971bf90b8|hash_0000199275781407196cda25b5bf8425fd91c9</items>
			</hash_090019011b3dc4272cc6726203921a3fd65dcd>
			<hash_090019991bd17fdead4e8bc7f26f62fdac9459>
				<name>Data Source [t1]</name>
				<description></description>
				<column_name>task_item_id</column_name>
				<items>hash_000019531812176b9cefcba0f1808e8e3f614a|hash_0000191ba193ec1f0ecbf52c3bfb9269f62181|hash_0000193635768f3083b312174ce22244ee61db|hash_0000195f01b318c071f2fda95399c52921a544</items>
			</hash_090019991bd17fdead4e8bc7f26f62fdac9459>
			<hash_090019c960a7407054670383bdd5d843f86ef5>
				<name>Data Source [count_snmptt_old]</name>
				<description></description>
				<column_name>task_item_id</column_name>
				<items>hash_00001920d82873861bdb73de5584c05724b069|hash_000019b820a607f9beb5e66d6c5758825adc8e|hash_00001907630b2c3298ce927b1e92744b8ea429</items>
			</hash_090019c960a7407054670383bdd5d843f86ef5>
			<hash_0900195fb81c1f3ea4b380635f1ebd27a60a2c>
				<name>Data Source [count_snmptt]</name>
				<description></description>
				<column_name>task_item_id</column_name>
				<items>hash_0000196c08f8b72dae05cc85bd9fd98b1963a3|hash_000019724058b8d597fd044f6446e647b4ff2e|hash_0000194b49b00e90bf4bba254fc640ca387c9b|hash_0000192615c8beb19a0ac69e23d9bb5a12cfdb</items>
			</hash_0900195fb81c1f3ea4b380635f1ebd27a60a2c>
			<hash_09001925ef1886620c8eccb8a07a4c8406f312>
				<name>Data Source [del_traps]</name>
				<description></description>
				<column_name>task_item_id</column_name>
				<items>hash_000019420fe67ee50d2ffd56ab0d637dadc091|hash_00001973d2e3bc55d22308cdff3ebd494091eb|hash_000019e59a2e86a758d0e281901d9d57eab40f|hash_0000196cbc43cd4e35fc0a060fa390c6b77df6</items>
			</hash_09001925ef1886620c8eccb8a07a4c8406f312>
			<hash_090019b58385f49f6b62d09388e2d80fba2c84>
				<name>Data Source [del_rule]</name>
				<description></description>
				<column_name>task_item_id</column_name>
				<items>hash_000019e462cf5f16aefdcc4c615597c2bb7478|hash_000019288feb7a715a486bc87d757406d7a721|hash_00001910e02f91cdd41222dc72cdc9abaade0f|hash_000019cf594bf3533c1e322ca7fc2df68aba6d</items>
			</hash_090019b58385f49f6b62d09388e2d80fba2c84>
		</inputs>
	</hash_00001966df76d70634d7660496018de6f7d534>
	<hash_01001984356be37e4ac0d0fedf041497be4f6d>
		<name>Local - CaMM Poller Snmptt Statistics</name>
		<ds>
			<t_name></t_name>
			<name>Local - CaMM Poller Snmptt Statistics</name>
			<data_input_id>hash_03001953e11f89de5073fe2bdea5c5671df295</data_input_id>
			<t_rra_id></t_rra_id>
			<t_rrd_step></t_rrd_step>
			<rrd_step>300</rrd_step>
			<t_active></t_active>
			<active>on</active>
			<rra_items>hash_150019c21df5178e5c955013591239eb0afd46|hash_1500190d9c0af8b8acdc7807943937b3208e29|hash_1500196fc2d038fb42950138b0ce3e9874cc60|hash_150019e36f3adb9f152adfa5dc50fd2b23337e</rra_items>
		</ds>
		<items>
			<hash_080019a94db1a4e21904c2dda9acf5e0248877>
				<t_data_source_name></t_data_source_name>
				<data_source_name>t1</data_source_name>
				<t_rrd_minimum></t_rrd_minimum>
				<rrd_minimum>0</rrd_minimum>
				<t_rrd_maximum></t_rrd_maximum>
				<rrd_maximum>0</rrd_maximum>
				<t_data_source_type_id></t_data_source_type_id>
				<data_source_type_id>1</data_source_type_id>
				<t_rrd_heartbeat></t_rrd_heartbeat>
				<rrd_heartbeat>600</rrd_heartbeat>
				<t_data_input_field_id></t_data_input_field_id>
				<data_input_field_id>hash_070019c8f640a0910cc6b03f502915b104109f</data_input_field_id>
			</hash_080019a94db1a4e21904c2dda9acf5e0248877>
			<hash_0800191d5097826319f88af0d2fc67f56660d9>
				<t_data_source_name></t_data_source_name>
				<data_source_name>count_snmptt_old</data_source_name>
				<t_rrd_minimum></t_rrd_minimum>
				<rrd_minimum>0</rrd_minimum>
				<t_rrd_maximum></t_rrd_maximum>
				<rrd_maximum>0</rrd_maximum>
				<t_data_source_type_id></t_data_source_type_id>
				<data_source_type_id>1</data_source_type_id>
				<t_rrd_heartbeat></t_rrd_heartbeat>
				<rrd_heartbeat>600</rrd_heartbeat>
				<t_data_input_field_id></t_data_input_field_id>
				<data_input_field_id>hash_070019fa411fe55966fba704aed58d527c6de6</data_input_field_id>
			</hash_0800191d5097826319f88af0d2fc67f56660d9>
			<hash_080019f116bd5d15eee4b79314f721ca305589>
				<t_data_source_name></t_data_source_name>
				<data_source_name>del_rule</data_source_name>
				<t_rrd_minimum></t_rrd_minimum>
				<rrd_minimum>0</rrd_minimum>
				<t_rrd_maximum></t_rrd_maximum>
				<rrd_maximum>0</rrd_maximum>
				<t_data_source_type_id></t_data_source_type_id>
				<data_source_type_id>1</data_source_type_id>
				<t_rrd_heartbeat></t_rrd_heartbeat>
				<rrd_heartbeat>600</rrd_heartbeat>
				<t_data_input_field_id></t_data_input_field_id>
				<data_input_field_id>hash_070019c531ff06dd7ab551d8f5409e64c1b3f8</data_input_field_id>
			</hash_080019f116bd5d15eee4b79314f721ca305589>
			<hash_0800199f96c31f67b403eeaddddc197883f478>
				<t_data_source_name></t_data_source_name>
				<data_source_name>count_snmptt</data_source_name>
				<t_rrd_minimum></t_rrd_minimum>
				<rrd_minimum>0</rrd_minimum>
				<t_rrd_maximum></t_rrd_maximum>
				<rrd_maximum>0</rrd_maximum>
				<t_data_source_type_id></t_data_source_type_id>
				<data_source_type_id>1</data_source_type_id>
				<t_rrd_heartbeat></t_rrd_heartbeat>
				<rrd_heartbeat>600</rrd_heartbeat>
				<t_data_input_field_id></t_data_input_field_id>
				<data_input_field_id>hash_07001942bd8d97beb8178226a35d161e806fe5</data_input_field_id>
			</hash_0800199f96c31f67b403eeaddddc197883f478>
			<hash_0800197191a2896beaba088bd80fcfc6f37e81>
				<t_data_source_name></t_data_source_name>
				<data_source_name>del_traps</data_source_name>
				<t_rrd_minimum></t_rrd_minimum>
				<rrd_minimum>0</rrd_minimum>
				<t_rrd_maximum></t_rrd_maximum>
				<rrd_maximum>0</rrd_maximum>
				<t_data_source_type_id></t_data_source_type_id>
				<data_source_type_id>1</data_source_type_id>
				<t_rrd_heartbeat></t_rrd_heartbeat>
				<rrd_heartbeat>600</rrd_heartbeat>
				<t_data_input_field_id></t_data_input_field_id>
				<data_input_field_id>hash_070019bf6b5bae9be04c72d1ca5813b2276691</data_input_field_id>
			</hash_0800197191a2896beaba088bd80fcfc6f37e81>
			<hash_08001951e61cdbbb93134bbc352009f5d191c6>
				<t_data_source_name></t_data_source_name>
				<data_source_name>camm_snmptt_max_row</data_source_name>
				<t_rrd_minimum></t_rrd_minimum>
				<rrd_minimum>0</rrd_minimum>
				<t_rrd_maximum></t_rrd_maximum>
				<rrd_maximum>0</rrd_maximum>
				<t_data_source_type_id></t_data_source_type_id>
				<data_source_type_id>1</data_source_type_id>
				<t_rrd_heartbeat></t_rrd_heartbeat>
				<rrd_heartbeat>600</rrd_heartbeat>
				<t_data_input_field_id></t_data_input_field_id>
				<data_input_field_id>hash_070019c191c6dad2f2c074e2ad5067fc6c9648</data_input_field_id>
			</hash_08001951e61cdbbb93134bbc352009f5d191c6>
		</items>
		<data>
		</data>
	</hash_01001984356be37e4ac0d0fedf041497be4f6d>
	<hash_03001953e11f89de5073fe2bdea5c5671df295>
		<name>Local - CaMM Poller Snmptt Statistics</name>
		<type_id>5</type_id>
		<input_string>&lt;path_cacti&gt;/scripts/ss_camm_poller.php ss_camm_poller_snmptt_rows</input_string>
		<fields>
			<hash_070019c191c6dad2f2c074e2ad5067fc6c9648>
				<name>Max rows count in snmptt table</name>
				<update_rra>on</update_rra>
				<regexp_match></regexp_match>
				<allow_nulls></allow_nulls>
				<type_code></type_code>
				<input_output>out</input_output>
				<data_name>camm_snmptt_max_row_all</data_name>
			</hash_070019c191c6dad2f2c074e2ad5067fc6c9648>
			<hash_070019bf6b5bae9be04c72d1ca5813b2276691>
				<name>Count traps, deleted by autopurge</name>
				<update_rra>on</update_rra>
				<regexp_match></regexp_match>
				<allow_nulls></allow_nulls>
				<type_code></type_code>
				<input_output>out</input_output>
				<data_name>del_traps</data_name>
			</hash_070019bf6b5bae9be04c72d1ca5813b2276691>
			<hash_07001942bd8d97beb8178226a35d161e806fe5>
				<name>Count rows in snmptt table</name>
				<update_rra>on</update_rra>
				<regexp_match></regexp_match>
				<allow_nulls></allow_nulls>
				<type_code></type_code>
				<input_output>out</input_output>
				<data_name>count_snmptt</data_name>
			</hash_07001942bd8d97beb8178226a35d161e806fe5>
			<hash_070019fa411fe55966fba704aed58d527c6de6>
				<name>Count rows that older than ..</name>
				<update_rra>on</update_rra>
				<regexp_match></regexp_match>
				<allow_nulls></allow_nulls>
				<type_code></type_code>
				<input_output>out</input_output>
				<data_name>count_snmptt_old</data_name>
			</hash_070019fa411fe55966fba704aed58d527c6de6>
			<hash_070019c8f640a0910cc6b03f502915b104109f>
				<name>temp count for graph</name>
				<update_rra>on</update_rra>
				<regexp_match></regexp_match>
				<allow_nulls></allow_nulls>
				<type_code></type_code>
				<input_output>out</input_output>
				<data_name>t1</data_name>
			</hash_070019c8f640a0910cc6b03f502915b104109f>
			<hash_070019c531ff06dd7ab551d8f5409e64c1b3f8>
				<name>Count rows, deleted by rules</name>
				<update_rra>on</update_rra>
				<regexp_match></regexp_match>
				<allow_nulls></allow_nulls>
				<type_code></type_code>
				<input_output>out</input_output>
				<data_name>del_rule</data_name>
			</hash_070019c531ff06dd7ab551d8f5409e64c1b3f8>
		</fields>
	</hash_03001953e11f89de5073fe2bdea5c5671df295>
	<hash_150019c21df5178e5c955013591239eb0afd46>
		<name>Daily (5 Minute Average)</name>
		<x_files_factor>0.5</x_files_factor>
		<steps>1</steps>
		<rows>600</rows>
		<timespan>86400</timespan>
		<cf_items>1|2|3|4</cf_items>
	</hash_150019c21df5178e5c955013591239eb0afd46>
	<hash_1500190d9c0af8b8acdc7807943937b3208e29>
		<name>Weekly (30 Minute Average)</name>
		<x_files_factor>0.5</x_files_factor>
		<steps>6</steps>
		<rows>700</rows>
		<timespan>604800</timespan>
		<cf_items>1|2|3|4</cf_items>
	</hash_1500190d9c0af8b8acdc7807943937b3208e29>
	<hash_1500196fc2d038fb42950138b0ce3e9874cc60>
		<name>Monthly (2 Hour Average)</name>
		<x_files_factor>0.5</x_files_factor>
		<steps>24</steps>
		<rows>775</rows>
		<timespan>2678400</timespan>
		<cf_items>1|2|3|4</cf_items>
	</hash_1500196fc2d038fb42950138b0ce3e9874cc60>
	<hash_150019e36f3adb9f152adfa5dc50fd2b23337e>
		<name>Yearly (1 Day Average)</name>
		<x_files_factor>0.5</x_files_factor>
		<steps>288</steps>
		<rows>797</rows>
		<timespan>33053184</timespan>
		<cf_items>1|2|3|4</cf_items>
	</hash_150019e36f3adb9f152adfa5dc50fd2b23337e>
	<hash_0500193d352eed9fa8f7b2791205b3273708c7>
		<name>Make Stack Negative</name>
		<items>
			<hash_140019c888c9fe6b62c26c4bfe23e18991731d>
				<sequence>1</sequence>
				<type>4</type>
				<value>CURRENT_DATA_SOURCE</value>
			</hash_140019c888c9fe6b62c26c4bfe23e18991731d>
			<hash_1400194355c197998c7f8b285be7821ddc6da4>
				<sequence>2</sequence>
				<type>6</type>
				<value>-1</value>
			</hash_1400194355c197998c7f8b285be7821ddc6da4>
			<hash_1400191e1d0b29a94e08b648c8f053715442a0>
				<sequence>3</sequence>
				<type>2</type>
				<value>3</value>
			</hash_1400191e1d0b29a94e08b648c8f053715442a0>
		</items>
	</hash_0500193d352eed9fa8f7b2791205b3273708c7>
	<hash_060019e9c43831e54eca8069317a2ce8c6f751>
		<name>Normal</name>
		<gprint_text>%8.2lf %s</gprint_text>
	</hash_060019e9c43831e54eca8069317a2ce8c6f751>
	<hash_06001919414480d6897c8731c7dc6c5310653e>
		<name>Exact Numbers</name>
		<gprint_text>%8.0lf</gprint_text>
	</hash_06001919414480d6897c8731c7dc6c5310653e>
</cacti>