<cacti>	
	<hash_00001968b67c4e7a52dc298e60658bf53d7a42>
		<name>Local - CaMM Poller Time Statistics</name>
		<graph>
			<t_title></t_title>
			<title>Local - CaMM Poller Time Statistics</title>
			<t_image_format_id></t_image_format_id>
			<image_format_id>1</image_format_id>
			<t_height></t_height>
			<height>150</height>
			<t_width></t_width>
			<width>650</width>
			<t_slope_mode></t_slope_mode>
			<slope_mode>on</slope_mode>
			<t_auto_scale></t_auto_scale>
			<auto_scale>on</auto_scale>
			<t_auto_scale_opts></t_auto_scale_opts>
			<auto_scale_opts>2</auto_scale_opts>
			<t_auto_scale_log></t_auto_scale_log>
			<auto_scale_log></auto_scale_log>
			<t_scale_log_units></t_scale_log_units>
			<scale_log_units></scale_log_units>
			<t_auto_scale_rigid></t_auto_scale_rigid>
			<auto_scale_rigid></auto_scale_rigid>
			<t_auto_padding></t_auto_padding>
			<auto_padding>on</auto_padding>
			<t_export></t_export>
			<export>on</export>
			<t_upper_limit></t_upper_limit>
			<upper_limit>0</upper_limit>
			<t_lower_limit></t_lower_limit>
			<lower_limit>0</lower_limit>
			<t_base_value></t_base_value>
			<base_value>1000</base_value>
			<t_unit_value></t_unit_value>
			<unit_value></unit_value>
			<t_unit_exponent_value></t_unit_exponent_value>
			<unit_exponent_value></unit_exponent_value>
			<t_vertical_label></t_vertical_label>
			<vertical_label>sec</vertical_label>
		</graph>
		<items>
			<hash_1000192a0b0bce2bca536dd9e4a4d0b260c033>
				<task_item_id>hash_08001974b7c338b57aae3b6859f44d190903c0</task_item_id>
				<color_id>0D006A</color_id>
				<alpha>FF</alpha>
				<graph_type_id>4</graph_type_id>
				<consolidation_function_id>4</consolidation_function_id>
				<cdef_id>0</cdef_id>
				<value></value>
				<gprint_id>hash_060019e9c43831e54eca8069317a2ce8c6f751</gprint_id>
				<text_format>All time:         </text_format>
				<hard_return></hard_return>
				<sequence>1</sequence>
			</hash_1000192a0b0bce2bca536dd9e4a4d0b260c033>
			<hash_100019abe5095f33d648fda3a86538d60afe0b>
				<task_item_id>hash_08001974b7c338b57aae3b6859f44d190903c0</task_item_id>
				<color_id>0</color_id>
				<alpha>FF</alpha>
				<graph_type_id>9</graph_type_id>
				<consolidation_function_id>4</consolidation_function_id>
				<cdef_id>0</cdef_id>
				<value></value>
				<gprint_id>hash_060019e9c43831e54eca8069317a2ce8c6f751</gprint_id>
				<text_format>Current:</text_format>
				<hard_return></hard_return>
				<sequence>2</sequence>
			</hash_100019abe5095f33d648fda3a86538d60afe0b>
			<hash_1000199ee004cbe092554c804504d956d1c7cf>
				<task_item_id>hash_08001974b7c338b57aae3b6859f44d190903c0</task_item_id>
				<color_id>0</color_id>
				<alpha>FF</alpha>
				<graph_type_id>9</graph_type_id>
				<consolidation_function_id>1</consolidation_function_id>
				<cdef_id>0</cdef_id>
				<value></value>
				<gprint_id>hash_060019e9c43831e54eca8069317a2ce8c6f751</gprint_id>
				<text_format>Average:</text_format>
				<hard_return></hard_return>
				<sequence>3</sequence>
			</hash_1000199ee004cbe092554c804504d956d1c7cf>
			<hash_100019cd5b183aa4aac6638ef6c73ad0fd16c4>
				<task_item_id>hash_08001974b7c338b57aae3b6859f44d190903c0</task_item_id>
				<color_id>0</color_id>
				<alpha>FF</alpha>
				<graph_type_id>9</graph_type_id>
				<consolidation_function_id>3</consolidation_function_id>
				<cdef_id>0</cdef_id>
				<value></value>
				<gprint_id>hash_060019e9c43831e54eca8069317a2ce8c6f751</gprint_id>
				<text_format>Max:</text_format>
				<hard_return>on</hard_return>
				<sequence>4</sequence>
			</hash_100019cd5b183aa4aac6638ef6c73ad0fd16c4>
			<hash_1000195c1fa7e43cd0416be40224dd38c76ecd>
				<task_item_id>hash_08001974b7c338b57aae3b6859f44d190903c0</task_item_id>
				<color_id>00FF00</color_id>
				<alpha>FF</alpha>
				<graph_type_id>7</graph_type_id>
				<consolidation_function_id>4</consolidation_function_id>
				<cdef_id>0</cdef_id>
				<value></value>
				<gprint_id>hash_060019e9c43831e54eca8069317a2ce8c6f751</gprint_id>
				<text_format>Tree recreate:     </text_format>
				<hard_return></hard_return>
				<sequence>5</sequence>
			</hash_1000195c1fa7e43cd0416be40224dd38c76ecd>
			<hash_1000198f24c62214934586521032a6082f6b0f>
				<task_item_id>hash_08001947c186de3a56864ef64eff4339d517d4</task_item_id>
				<color_id>0</color_id>
				<alpha>FF</alpha>
				<graph_type_id>9</graph_type_id>
				<consolidation_function_id>4</consolidation_function_id>
				<cdef_id>0</cdef_id>
				<value></value>
				<gprint_id>hash_060019e9c43831e54eca8069317a2ce8c6f751</gprint_id>
				<text_format>Current:</text_format>
				<hard_return></hard_return>
				<sequence>6</sequence>
			</hash_1000198f24c62214934586521032a6082f6b0f>
			<hash_100019708fbe3f1884ff439c3089260ae158da>
				<task_item_id>hash_08001947c186de3a56864ef64eff4339d517d4</task_item_id>
				<color_id>0</color_id>
				<alpha>FF</alpha>
				<graph_type_id>9</graph_type_id>
				<consolidation_function_id>1</consolidation_function_id>
				<cdef_id>0</cdef_id>
				<value></value>
				<gprint_id>hash_060019e9c43831e54eca8069317a2ce8c6f751</gprint_id>
				<text_format>Average:</text_format>
				<hard_return></hard_return>
				<sequence>7</sequence>
			</hash_100019708fbe3f1884ff439c3089260ae158da>
			<hash_100019c99751ce83293c16b172ed6d125dc27e>
				<task_item_id>hash_08001947c186de3a56864ef64eff4339d517d4</task_item_id>
				<color_id>0</color_id>
				<alpha>FF</alpha>
				<graph_type_id>9</graph_type_id>
				<consolidation_function_id>3</consolidation_function_id>
				<cdef_id>0</cdef_id>
				<value></value>
				<gprint_id>hash_060019e9c43831e54eca8069317a2ce8c6f751</gprint_id>
				<text_format>Max:</text_format>
				<hard_return>on</hard_return>
				<sequence>8</sequence>
			</hash_100019c99751ce83293c16b172ed6d125dc27e>
			<hash_10001983f1f25adb6ca8135b5e387aa9c4a84e>
				<task_item_id>hash_080019c6421a0f4c9b455615e10d39f7171df8</task_item_id>
				<color_id>FF0000</color_id>
				<alpha>FF</alpha>
				<graph_type_id>7</graph_type_id>
				<consolidation_function_id>1</consolidation_function_id>
				<cdef_id>0</cdef_id>
				<value></value>
				<gprint_id>hash_060019e9c43831e54eca8069317a2ce8c6f751</gprint_id>
				<text_format>AutoPurge Records:</text_format>
				<hard_return></hard_return>
				<sequence>9</sequence>
			</hash_10001983f1f25adb6ca8135b5e387aa9c4a84e>
			<hash_1000196cb4a248907101672477debf87439910>
				<task_item_id>hash_080019f60317bdcc4176749b6153ba591f02a6</task_item_id>
				<color_id>0</color_id>
				<alpha>FF</alpha>
				<graph_type_id>9</graph_type_id>
				<consolidation_function_id>4</consolidation_function_id>
				<cdef_id>0</cdef_id>
				<value></value>
				<gprint_id>hash_060019e9c43831e54eca8069317a2ce8c6f751</gprint_id>
				<text_format>Current:</text_format>
				<hard_return></hard_return>
				<sequence>10</sequence>
			</hash_1000196cb4a248907101672477debf87439910>
			<hash_100019a7387e73ea685512542ba5c37552e4b6>
				<task_item_id>hash_080019f60317bdcc4176749b6153ba591f02a6</task_item_id>
				<color_id>0</color_id>
				<alpha>FF</alpha>
				<graph_type_id>9</graph_type_id>
				<consolidation_function_id>1</consolidation_function_id>
				<cdef_id>0</cdef_id>
				<value></value>
				<gprint_id>hash_060019e9c43831e54eca8069317a2ce8c6f751</gprint_id>
				<text_format>Average:</text_format>
				<hard_return></hard_return>
				<sequence>11</sequence>
			</hash_100019a7387e73ea685512542ba5c37552e4b6>
			<hash_1000190b26bad6bbb72675767696e531dc5f9e>
				<task_item_id>hash_080019f60317bdcc4176749b6153ba591f02a6</task_item_id>
				<color_id>0</color_id>
				<alpha>FF</alpha>
				<graph_type_id>9</graph_type_id>
				<consolidation_function_id>3</consolidation_function_id>
				<cdef_id>0</cdef_id>
				<value></value>
				<gprint_id>hash_060019e9c43831e54eca8069317a2ce8c6f751</gprint_id>
				<text_format>Max:</text_format>
				<hard_return>on</hard_return>
				<sequence>12</sequence>
			</hash_1000190b26bad6bbb72675767696e531dc5f9e>
			<hash_100019e3e83aadf62d99c7878ae76970bc717e>
				<task_item_id>hash_080019c0bb360212bd89972ff5566b7a369e3b</task_item_id>
				<color_id>FFFF00</color_id>
				<alpha>FF</alpha>
				<graph_type_id>7</graph_type_id>
				<consolidation_function_id>1</consolidation_function_id>
				<cdef_id>0</cdef_id>
				<value></value>
				<gprint_id>hash_060019e9c43831e54eca8069317a2ce8c6f751</gprint_id>
				<text_format>Process Rules:   </text_format>
				<hard_return></hard_return>
				<sequence>13</sequence>
			</hash_100019e3e83aadf62d99c7878ae76970bc717e>
			<hash_100019396f6f800ca72377ba90051ff9fd1617>
				<task_item_id>hash_080019c0bb360212bd89972ff5566b7a369e3b</task_item_id>
				<color_id>0</color_id>
				<alpha>FF</alpha>
				<graph_type_id>9</graph_type_id>
				<consolidation_function_id>4</consolidation_function_id>
				<cdef_id>0</cdef_id>
				<value></value>
				<gprint_id>hash_060019e9c43831e54eca8069317a2ce8c6f751</gprint_id>
				<text_format>Current:</text_format>
				<hard_return></hard_return>
				<sequence>14</sequence>
			</hash_100019396f6f800ca72377ba90051ff9fd1617>
			<hash_10001923b721a83b6c2661a46c4dd87026f3db>
				<task_item_id>hash_080019c0bb360212bd89972ff5566b7a369e3b</task_item_id>
				<color_id>0</color_id>
				<alpha>FF</alpha>
				<graph_type_id>9</graph_type_id>
				<consolidation_function_id>1</consolidation_function_id>
				<cdef_id>0</cdef_id>
				<value></value>
				<gprint_id>hash_060019e9c43831e54eca8069317a2ce8c6f751</gprint_id>
				<text_format>Average:</text_format>
				<hard_return></hard_return>
				<sequence>15</sequence>
			</hash_10001923b721a83b6c2661a46c4dd87026f3db>
			<hash_100019f2d96f657ca8a7cf002a8d586372183d>
				<task_item_id>hash_080019c0bb360212bd89972ff5566b7a369e3b</task_item_id>
				<color_id>0</color_id>
				<alpha>FF</alpha>
				<graph_type_id>9</graph_type_id>
				<consolidation_function_id>3</consolidation_function_id>
				<cdef_id>0</cdef_id>
				<value></value>
				<gprint_id>hash_060019e9c43831e54eca8069317a2ce8c6f751</gprint_id>
				<text_format>Max:</text_format>
				<hard_return>on</hard_return>
				<sequence>16</sequence>
			</hash_100019f2d96f657ca8a7cf002a8d586372183d>
		</items>
		<inputs>
			<hash_0900199a6fe3712c4a83b49a7e6c934d3816af>
				<name>Data Source [AllTime]</name>
				<description></description>
				<column_name>task_item_id</column_name>
				<items>hash_0000195c1fa7e43cd0416be40224dd38c76ecd|hash_0000192a0b0bce2bca536dd9e4a4d0b260c033|hash_000019abe5095f33d648fda3a86538d60afe0b|hash_0000199ee004cbe092554c804504d956d1c7cf|hash_000019cd5b183aa4aac6638ef6c73ad0fd16c4</items>
			</hash_0900199a6fe3712c4a83b49a7e6c934d3816af>
			<hash_090019bb0e61dd618ac0184e9250aa87dfd24e>
				<name>Data Source [RuleTime]</name>
				<description></description>
				<column_name>task_item_id</column_name>
				<items>hash_000019e3e83aadf62d99c7878ae76970bc717e|hash_000019396f6f800ca72377ba90051ff9fd1617|hash_00001923b721a83b6c2661a46c4dd87026f3db|hash_000019f2d96f657ca8a7cf002a8d586372183d</items>
			</hash_090019bb0e61dd618ac0184e9250aa87dfd24e>
			<hash_09001989b7bf31baa9952ab0a56881a2888b80>
				<name>Data Source [PurgeTime]</name>
				<description></description>
				<column_name>task_item_id</column_name>
				<items>hash_0000196cb4a248907101672477debf87439910|hash_000019a7387e73ea685512542ba5c37552e4b6|hash_0000190b26bad6bbb72675767696e531dc5f9e</items>
			</hash_09001989b7bf31baa9952ab0a56881a2888b80>
			<hash_090019dcd4cf18fa1833b8e512cdcdc4b917b7>
				<name>Data Source [TreeTime]</name>
				<description></description>
				<column_name>task_item_id</column_name>
				<items>hash_0000198f24c62214934586521032a6082f6b0f|hash_000019c99751ce83293c16b172ed6d125dc27e|hash_000019708fbe3f1884ff439c3089260ae158da</items>
			</hash_090019dcd4cf18fa1833b8e512cdcdc4b917b7>
			<hash_090019112b83b3fa37229d00332e93e98d4c11>
				<name>Data Source [t1]</name>
				<description></description>
				<column_name>task_item_id</column_name>
				<items>hash_00001983f1f25adb6ca8135b5e387aa9c4a84e</items>
			</hash_090019112b83b3fa37229d00332e93e98d4c11>
		</inputs>
	</hash_00001968b67c4e7a52dc298e60658bf53d7a42>
	<hash_01001959189124aaea47ecefaded257722d2d4>
		<name>Local - CaMM Poller Time Statistics</name>
		<ds>
			<t_name></t_name>
			<name>Local - CaMM Poller Time Statistics</name>
			<data_input_id>hash_030019b410cbb129d9bcf3869be488cfe2d52d</data_input_id>
			<t_rra_id></t_rra_id>
			<t_rrd_step></t_rrd_step>
			<rrd_step>300</rrd_step>
			<t_active></t_active>
			<active>on</active>
			<rra_items>hash_150019c21df5178e5c955013591239eb0afd46|hash_1500190d9c0af8b8acdc7807943937b3208e29|hash_1500196fc2d038fb42950138b0ce3e9874cc60|hash_150019e36f3adb9f152adfa5dc50fd2b23337e</rra_items>
		</ds>
		<items>
			<hash_080019c0bb360212bd89972ff5566b7a369e3b>
				<t_data_source_name></t_data_source_name>
				<data_source_name>RuleTime</data_source_name>
				<t_rrd_minimum></t_rrd_minimum>
				<rrd_minimum>0</rrd_minimum>
				<t_rrd_maximum></t_rrd_maximum>
				<rrd_maximum>0</rrd_maximum>
				<t_data_source_type_id></t_data_source_type_id>
				<data_source_type_id>1</data_source_type_id>
				<t_rrd_heartbeat></t_rrd_heartbeat>
				<rrd_heartbeat>600</rrd_heartbeat>
				<t_data_input_field_id></t_data_input_field_id>
				<data_input_field_id>hash_0700196c71d9a99a5a630701d08c6dd5c01e51</data_input_field_id>
			</hash_080019c0bb360212bd89972ff5566b7a369e3b>
			<hash_080019f60317bdcc4176749b6153ba591f02a6>
				<t_data_source_name></t_data_source_name>
				<data_source_name>PurgeTime</data_source_name>
				<t_rrd_minimum></t_rrd_minimum>
				<rrd_minimum>0</rrd_minimum>
				<t_rrd_maximum></t_rrd_maximum>
				<rrd_maximum>0</rrd_maximum>
				<t_data_source_type_id></t_data_source_type_id>
				<data_source_type_id>1</data_source_type_id>
				<t_rrd_heartbeat></t_rrd_heartbeat>
				<rrd_heartbeat>600</rrd_heartbeat>
				<t_data_input_field_id></t_data_input_field_id>
				<data_input_field_id>hash_0700195e84f674e973cb4a933d2ae158cd937f</data_input_field_id>
			</hash_080019f60317bdcc4176749b6153ba591f02a6>
			<hash_08001974b7c338b57aae3b6859f44d190903c0>
				<t_data_source_name></t_data_source_name>
				<data_source_name>AllTime</data_source_name>
				<t_rrd_minimum></t_rrd_minimum>
				<rrd_minimum>0</rrd_minimum>
				<t_rrd_maximum></t_rrd_maximum>
				<rrd_maximum>0</rrd_maximum>
				<t_data_source_type_id></t_data_source_type_id>
				<data_source_type_id>1</data_source_type_id>
				<t_rrd_heartbeat></t_rrd_heartbeat>
				<rrd_heartbeat>600</rrd_heartbeat>
				<t_data_input_field_id></t_data_input_field_id>
				<data_input_field_id>hash_0700191d9a46aa148c360c166c40e3e928694d</data_input_field_id>
			</hash_08001974b7c338b57aae3b6859f44d190903c0>
			<hash_080019c6421a0f4c9b455615e10d39f7171df8>
				<t_data_source_name></t_data_source_name>
				<data_source_name>t1</data_source_name>
				<t_rrd_minimum></t_rrd_minimum>
				<rrd_minimum>0</rrd_minimum>
				<t_rrd_maximum></t_rrd_maximum>
				<rrd_maximum>0</rrd_maximum>
				<t_data_source_type_id></t_data_source_type_id>
				<data_source_type_id>1</data_source_type_id>
				<t_rrd_heartbeat></t_rrd_heartbeat>
				<rrd_heartbeat>600</rrd_heartbeat>
				<t_data_input_field_id></t_data_input_field_id>
				<data_input_field_id>hash_070019ebd5075c6a393ef752953e8d2a8346f1</data_input_field_id>
			</hash_080019c6421a0f4c9b455615e10d39f7171df8>
			<hash_08001947c186de3a56864ef64eff4339d517d4>
				<t_data_source_name></t_data_source_name>
				<data_source_name>TreeTime</data_source_name>
				<t_rrd_minimum></t_rrd_minimum>
				<rrd_minimum>0</rrd_minimum>
				<t_rrd_maximum></t_rrd_maximum>
				<rrd_maximum>0</rrd_maximum>
				<t_data_source_type_id></t_data_source_type_id>
				<data_source_type_id>1</data_source_type_id>
				<t_rrd_heartbeat></t_rrd_heartbeat>
				<rrd_heartbeat>600</rrd_heartbeat>
				<t_data_input_field_id></t_data_input_field_id>
				<data_input_field_id>hash_07001946e8ede5e9b6ab5df8341aaccbe7d3a4</data_input_field_id>
			</hash_08001947c186de3a56864ef64eff4339d517d4>
		</items>
		<data>
		</data>
	</hash_01001959189124aaea47ecefaded257722d2d4>
	<hash_030019b410cbb129d9bcf3869be488cfe2d52d>
		<name>Local - CaMM Poller Time Statistics</name>
		<type_id>5</type_id>
		<input_string>&lt;path_cacti&gt;/scripts/ss_camm_poller.php ss_camm_poller_time</input_string>
		<fields>
			<hash_070019ebd5075c6a393ef752953e8d2a8346f1>
				<name>Time by poller for Rule And Purge</name>
				<update_rra>on</update_rra>
				<regexp_match></regexp_match>
				<allow_nulls></allow_nulls>
				<type_code></type_code>
				<input_output>out</input_output>
				<data_name>t1</data_name>
			</hash_070019ebd5075c6a393ef752953e8d2a8346f1>
			<hash_07001946e8ede5e9b6ab5df8341aaccbe7d3a4>
				<name>Time by poller for recreate tree menu</name>
				<update_rra>on</update_rra>
				<regexp_match></regexp_match>
				<allow_nulls></allow_nulls>
				<type_code></type_code>
				<input_output>out</input_output>
				<data_name>TreeTime</data_name>
			</hash_07001946e8ede5e9b6ab5df8341aaccbe7d3a4>
			<hash_0700191d9a46aa148c360c166c40e3e928694d>
				<name>All Time by poller</name>
				<update_rra>on</update_rra>
				<regexp_match></regexp_match>
				<allow_nulls></allow_nulls>
				<type_code></type_code>
				<input_output>out</input_output>
				<data_name>AllTime</data_name>
			</hash_0700191d9a46aa148c360c166c40e3e928694d>
			<hash_0700195e84f674e973cb4a933d2ae158cd937f>
				<name>Time by poller for AutoPurge records</name>
				<update_rra>on</update_rra>
				<regexp_match></regexp_match>
				<allow_nulls></allow_nulls>
				<type_code></type_code>
				<input_output>out</input_output>
				<data_name>PurgeTime</data_name>
			</hash_0700195e84f674e973cb4a933d2ae158cd937f>
			<hash_0700196c71d9a99a5a630701d08c6dd5c01e51>
				<name>Time by poller for process Rules</name>
				<update_rra>on</update_rra>
				<regexp_match></regexp_match>
				<allow_nulls></allow_nulls>
				<type_code></type_code>
				<input_output>out</input_output>
				<data_name>RuleTime</data_name>
			</hash_0700196c71d9a99a5a630701d08c6dd5c01e51>
		</fields>
	</hash_030019b410cbb129d9bcf3869be488cfe2d52d>
	<hash_150019c21df5178e5c955013591239eb0afd46>
		<name>Daily (5 Minute Average)</name>
		<x_files_factor>0.5</x_files_factor>
		<steps>1</steps>
		<rows>600</rows>
		<timespan>86400</timespan>
		<cf_items>1|2|3|4</cf_items>
	</hash_150019c21df5178e5c955013591239eb0afd46>
	<hash_1500190d9c0af8b8acdc7807943937b3208e29>
		<name>Weekly (30 Minute Average)</name>
		<x_files_factor>0.5</x_files_factor>
		<steps>6</steps>
		<rows>700</rows>
		<timespan>604800</timespan>
		<cf_items>1|2|3|4</cf_items>
	</hash_1500190d9c0af8b8acdc7807943937b3208e29>
	<hash_1500196fc2d038fb42950138b0ce3e9874cc60>
		<name>Monthly (2 Hour Average)</name>
		<x_files_factor>0.5</x_files_factor>
		<steps>24</steps>
		<rows>775</rows>
		<timespan>2678400</timespan>
		<cf_items>1|2|3|4</cf_items>
	</hash_1500196fc2d038fb42950138b0ce3e9874cc60>
	<hash_150019e36f3adb9f152adfa5dc50fd2b23337e>
		<name>Yearly (1 Day Average)</name>
		<x_files_factor>0.5</x_files_factor>
		<steps>288</steps>
		<rows>797</rows>
		<timespan>33053184</timespan>
		<cf_items>1|2|3|4</cf_items>
	</hash_150019e36f3adb9f152adfa5dc50fd2b23337e>
	<hash_060019e9c43831e54eca8069317a2ce8c6f751>
		<name>Normal</name>
		<gprint_text>%8.2lf %s</gprint_text>
	</hash_060019e9c43831e54eca8069317a2ce8c6f751>
</cacti>