<cacti>	
	<hash_000019257403c6974bd69c8187d2abff68f186>
		<name>Local - CaMM Poller Tree Time Statistics</name>
		<graph>
			<t_title></t_title>
			<title>Local - CaMM Poller Tree Time Statistics</title>
			<t_image_format_id></t_image_format_id>
			<image_format_id>1</image_format_id>
			<t_height></t_height>
			<height>150</height>
			<t_width></t_width>
			<width>650</width>
			<t_slope_mode></t_slope_mode>
			<slope_mode>on</slope_mode>
			<t_auto_scale></t_auto_scale>
			<auto_scale>on</auto_scale>
			<t_auto_scale_opts></t_auto_scale_opts>
			<auto_scale_opts>2</auto_scale_opts>
			<t_auto_scale_log></t_auto_scale_log>
			<auto_scale_log></auto_scale_log>
			<t_scale_log_units></t_scale_log_units>
			<scale_log_units></scale_log_units>
			<t_auto_scale_rigid></t_auto_scale_rigid>
			<auto_scale_rigid></auto_scale_rigid>
			<t_auto_padding></t_auto_padding>
			<auto_padding>on</auto_padding>
			<t_export></t_export>
			<export>on</export>
			<t_upper_limit></t_upper_limit>
			<upper_limit>0</upper_limit>
			<t_lower_limit></t_lower_limit>
			<lower_limit>0</lower_limit>
			<t_base_value></t_base_value>
			<base_value>1000</base_value>
			<t_unit_value></t_unit_value>
			<unit_value></unit_value>
			<t_unit_exponent_value></t_unit_exponent_value>
			<unit_exponent_value></unit_exponent_value>
			<t_vertical_label></t_vertical_label>
			<vertical_label>sec</vertical_label>
		</graph>
		<items>
			<hash_100019fac523f4f418f86a990e8fd3f75fa922>
				<task_item_id>hash_080019edd83da659b49222392da7c4e952ba99</task_item_id>
				<color_id>4668E4</color_id>
				<alpha>FF</alpha>
				<graph_type_id>7</graph_type_id>
				<consolidation_function_id>4</consolidation_function_id>
				<cdef_id>0</cdef_id>
				<value></value>
				<gprint_id>hash_060019e9c43831e54eca8069317a2ce8c6f751</gprint_id>
				<text_format>Snmptt:         </text_format>
				<hard_return></hard_return>
				<sequence>1</sequence>
			</hash_100019fac523f4f418f86a990e8fd3f75fa922>
			<hash_10001964268debaedc145c5211c6392837179b>
				<task_item_id>hash_080019e21f5680dc2c9dba3a1a444adb4ab1e6</task_item_id>
				<color_id>0</color_id>
				<alpha>FF</alpha>
				<graph_type_id>9</graph_type_id>
				<consolidation_function_id>4</consolidation_function_id>
				<cdef_id>0</cdef_id>
				<value></value>
				<gprint_id>hash_060019e9c43831e54eca8069317a2ce8c6f751</gprint_id>
				<text_format>Current:</text_format>
				<hard_return></hard_return>
				<sequence>2</sequence>
			</hash_10001964268debaedc145c5211c6392837179b>
			<hash_10001992696650f057927e64b8dee613c02607>
				<task_item_id>hash_080019e21f5680dc2c9dba3a1a444adb4ab1e6</task_item_id>
				<color_id>0</color_id>
				<alpha>FF</alpha>
				<graph_type_id>9</graph_type_id>
				<consolidation_function_id>1</consolidation_function_id>
				<cdef_id>0</cdef_id>
				<value></value>
				<gprint_id>hash_060019e9c43831e54eca8069317a2ce8c6f751</gprint_id>
				<text_format>Average:</text_format>
				<hard_return></hard_return>
				<sequence>3</sequence>
			</hash_10001992696650f057927e64b8dee613c02607>
			<hash_100019fbf6dc65de2d3d1e56eaddfc427badca>
				<task_item_id>hash_080019e21f5680dc2c9dba3a1a444adb4ab1e6</task_item_id>
				<color_id>0</color_id>
				<alpha>FF</alpha>
				<graph_type_id>9</graph_type_id>
				<consolidation_function_id>3</consolidation_function_id>
				<cdef_id>0</cdef_id>
				<value></value>
				<gprint_id>hash_060019e9c43831e54eca8069317a2ce8c6f751</gprint_id>
				<text_format>Max:</text_format>
				<hard_return>on</hard_return>
				<sequence>4</sequence>
			</hash_100019fbf6dc65de2d3d1e56eaddfc427badca>
			<hash_1000199fa6b8b3a9cf3f23718e2d9f7c618f76>
				<task_item_id>hash_08001955059168a0adbf716dba60ae95d65617</task_item_id>
				<color_id>00FF00</color_id>
				<alpha>FF</alpha>
				<graph_type_id>7</graph_type_id>
				<consolidation_function_id>1</consolidation_function_id>
				<cdef_id>0</cdef_id>
				<value></value>
				<gprint_id>hash_060019e9c43831e54eca8069317a2ce8c6f751</gprint_id>
				<text_format>Syslog:     </text_format>
				<hard_return></hard_return>
				<sequence>5</sequence>
			</hash_1000199fa6b8b3a9cf3f23718e2d9f7c618f76>
			<hash_10001986e33d8e4e3f1237e3b0db832aa9d772>
				<task_item_id>hash_08001955059168a0adbf716dba60ae95d65617</task_item_id>
				<color_id>0</color_id>
				<alpha>FF</alpha>
				<graph_type_id>9</graph_type_id>
				<consolidation_function_id>4</consolidation_function_id>
				<cdef_id>0</cdef_id>
				<value></value>
				<gprint_id>hash_060019e9c43831e54eca8069317a2ce8c6f751</gprint_id>
				<text_format>Current:</text_format>
				<hard_return></hard_return>
				<sequence>6</sequence>
			</hash_10001986e33d8e4e3f1237e3b0db832aa9d772>
			<hash_10001946decd32b828c22915663990f4b5d4d1>
				<task_item_id>hash_08001955059168a0adbf716dba60ae95d65617</task_item_id>
				<color_id>0</color_id>
				<alpha>FF</alpha>
				<graph_type_id>9</graph_type_id>
				<consolidation_function_id>1</consolidation_function_id>
				<cdef_id>0</cdef_id>
				<value></value>
				<gprint_id>hash_060019e9c43831e54eca8069317a2ce8c6f751</gprint_id>
				<text_format>Average:</text_format>
				<hard_return></hard_return>
				<sequence>7</sequence>
			</hash_10001946decd32b828c22915663990f4b5d4d1>
			<hash_100019a9b68418b92533d1405617816f556698>
				<task_item_id>hash_08001955059168a0adbf716dba60ae95d65617</task_item_id>
				<color_id>0</color_id>
				<alpha>FF</alpha>
				<graph_type_id>9</graph_type_id>
				<consolidation_function_id>3</consolidation_function_id>
				<cdef_id>0</cdef_id>
				<value></value>
				<gprint_id>hash_060019e9c43831e54eca8069317a2ce8c6f751</gprint_id>
				<text_format>Max:</text_format>
				<hard_return>on</hard_return>
				<sequence>8</sequence>
			</hash_100019a9b68418b92533d1405617816f556698>
		</items>
		<inputs>
			<hash_0900192493f6bcc93a9253272af4a9fea3140b>
				<name>Data Source [t1]</name>
				<description></description>
				<column_name>task_item_id</column_name>
				<items>hash_000019fac523f4f418f86a990e8fd3f75fa922</items>
			</hash_0900192493f6bcc93a9253272af4a9fea3140b>
			<hash_09001951eb13d601069893432921e0b0c5899a>
				<name>Data Source [TreesyslogTime]</name>
				<description></description>
				<column_name>task_item_id</column_name>
				<items>hash_00001986e33d8e4e3f1237e3b0db832aa9d772|hash_000019a9b68418b92533d1405617816f556698|hash_00001946decd32b828c22915663990f4b5d4d1|hash_0000199fa6b8b3a9cf3f23718e2d9f7c618f76</items>
			</hash_09001951eb13d601069893432921e0b0c5899a>
			<hash_090019da1d9de5dbbb9decf2c33a43b69837da>
				<name>Data Source [TreesnmpttTime]</name>
				<description></description>
				<column_name>task_item_id</column_name>
				<items>hash_000019fbf6dc65de2d3d1e56eaddfc427badca|hash_00001992696650f057927e64b8dee613c02607|hash_00001964268debaedc145c5211c6392837179b</items>
			</hash_090019da1d9de5dbbb9decf2c33a43b69837da>
		</inputs>
	</hash_000019257403c6974bd69c8187d2abff68f186>
	<hash_010019679188f47cba1870910bb73e2475d014>
		<name>Local - CaMM Poller Tree Time Statistics</name>
		<ds>
			<t_name></t_name>
			<name>Local - CaMM Poller Tree Time Statistics</name>
			<data_input_id>hash_03001999804431346a5ab3e6b946c452c63bc1</data_input_id>
			<t_rra_id></t_rra_id>
			<t_rrd_step></t_rrd_step>
			<rrd_step>300</rrd_step>
			<t_active></t_active>
			<active>on</active>
			<rra_items>hash_150019c21df5178e5c955013591239eb0afd46|hash_1500190d9c0af8b8acdc7807943937b3208e29|hash_1500196fc2d038fb42950138b0ce3e9874cc60|hash_150019e36f3adb9f152adfa5dc50fd2b23337e</rra_items>
		</ds>
		<items>
			<hash_080019edd83da659b49222392da7c4e952ba99>
				<t_data_source_name></t_data_source_name>
				<data_source_name>t1</data_source_name>
				<t_rrd_minimum></t_rrd_minimum>
				<rrd_minimum>0</rrd_minimum>
				<t_rrd_maximum></t_rrd_maximum>
				<rrd_maximum>0</rrd_maximum>
				<t_data_source_type_id></t_data_source_type_id>
				<data_source_type_id>1</data_source_type_id>
				<t_rrd_heartbeat></t_rrd_heartbeat>
				<rrd_heartbeat>600</rrd_heartbeat>
				<t_data_input_field_id></t_data_input_field_id>
				<data_input_field_id>hash_070019b07bbe18816f3926f55bc79130ae1973</data_input_field_id>
			</hash_080019edd83da659b49222392da7c4e952ba99>
			<hash_08001955059168a0adbf716dba60ae95d65617>
				<t_data_source_name></t_data_source_name>
				<data_source_name>TreesyslogTime</data_source_name>
				<t_rrd_minimum></t_rrd_minimum>
				<rrd_minimum>0</rrd_minimum>
				<t_rrd_maximum></t_rrd_maximum>
				<rrd_maximum>0</rrd_maximum>
				<t_data_source_type_id></t_data_source_type_id>
				<data_source_type_id>1</data_source_type_id>
				<t_rrd_heartbeat></t_rrd_heartbeat>
				<rrd_heartbeat>600</rrd_heartbeat>
				<t_data_input_field_id></t_data_input_field_id>
				<data_input_field_id>hash_0700191455d0e9a31cefebc650ced22167f496</data_input_field_id>
			</hash_08001955059168a0adbf716dba60ae95d65617>
			<hash_080019e21f5680dc2c9dba3a1a444adb4ab1e6>
				<t_data_source_name></t_data_source_name>
				<data_source_name>TreesnmpttTime</data_source_name>
				<t_rrd_minimum></t_rrd_minimum>
				<rrd_minimum>0</rrd_minimum>
				<t_rrd_maximum></t_rrd_maximum>
				<rrd_maximum>0</rrd_maximum>
				<t_data_source_type_id></t_data_source_type_id>
				<data_source_type_id>1</data_source_type_id>
				<t_rrd_heartbeat></t_rrd_heartbeat>
				<rrd_heartbeat>600</rrd_heartbeat>
				<t_data_input_field_id></t_data_input_field_id>
				<data_input_field_id>hash_07001930231f701f2478eb497da19714b83468</data_input_field_id>
			</hash_080019e21f5680dc2c9dba3a1a444adb4ab1e6>
		</items>
		<data>
		</data>
	</hash_010019679188f47cba1870910bb73e2475d014>
	<hash_03001999804431346a5ab3e6b946c452c63bc1>
		<name>Local - CaMM Poller Tree Time Statistics</name>
		<type_id>5</type_id>
		<input_string>&lt;path_cacti&gt;/scripts/ss_camm_poller.php ss_camm_poller_tree_time</input_string>
		<fields>
			<hash_0700191455d0e9a31cefebc650ced22167f496>
				<name>Time to recreate syslog menu tree</name>
				<update_rra>on</update_rra>
				<regexp_match></regexp_match>
				<allow_nulls></allow_nulls>
				<type_code></type_code>
				<input_output>out</input_output>
				<data_name>TreesyslogTime</data_name>
			</hash_0700191455d0e9a31cefebc650ced22167f496>
			<hash_07001930231f701f2478eb497da19714b83468>
				<name>Time to recreate snmptt menu tree</name>
				<update_rra>on</update_rra>
				<regexp_match></regexp_match>
				<allow_nulls></allow_nulls>
				<type_code></type_code>
				<input_output>out</input_output>
				<data_name>TreesnmpttTime</data_name>
			</hash_07001930231f701f2478eb497da19714b83468>
			<hash_070019b07bbe18816f3926f55bc79130ae1973>
				<name>All time </name>
				<update_rra>on</update_rra>
				<regexp_match></regexp_match>
				<allow_nulls></allow_nulls>
				<type_code></type_code>
				<input_output>out</input_output>
				<data_name>t1</data_name>
			</hash_070019b07bbe18816f3926f55bc79130ae1973>
		</fields>
	</hash_03001999804431346a5ab3e6b946c452c63bc1>
	<hash_150019c21df5178e5c955013591239eb0afd46>
		<name>Daily (5 Minute Average)</name>
		<x_files_factor>0.5</x_files_factor>
		<steps>1</steps>
		<rows>600</rows>
		<timespan>86400</timespan>
		<cf_items>1|2|3|4</cf_items>
	</hash_150019c21df5178e5c955013591239eb0afd46>
	<hash_1500190d9c0af8b8acdc7807943937b3208e29>
		<name>Weekly (30 Minute Average)</name>
		<x_files_factor>0.5</x_files_factor>
		<steps>6</steps>
		<rows>700</rows>
		<timespan>604800</timespan>
		<cf_items>1|2|3|4</cf_items>
	</hash_1500190d9c0af8b8acdc7807943937b3208e29>
	<hash_1500196fc2d038fb42950138b0ce3e9874cc60>
		<name>Monthly (2 Hour Average)</name>
		<x_files_factor>0.5</x_files_factor>
		<steps>24</steps>
		<rows>775</rows>
		<timespan>2678400</timespan>
		<cf_items>1|2|3|4</cf_items>
	</hash_1500196fc2d038fb42950138b0ce3e9874cc60>
	<hash_150019e36f3adb9f152adfa5dc50fd2b23337e>
		<name>Yearly (1 Day Average)</name>
		<x_files_factor>0.5</x_files_factor>
		<steps>288</steps>
		<rows>797</rows>
		<timespan>33053184</timespan>
		<cf_items>1|2|3|4</cf_items>
	</hash_150019e36f3adb9f152adfa5dc50fd2b23337e>
	<hash_060019e9c43831e54eca8069317a2ce8c6f751>
		<name>Normal</name>
		<gprint_text>%8.2lf %s</gprint_text>
	</hash_060019e9c43831e54eca8069317a2ce8c6f751>
</cacti>