<cacti>	
	<hash_000019b843d3bd3065627e52c3ef9a2f1a8cbe>
		<name>Local - CaMM Poller Unk. Snmptt Statistics</name>
		<graph>
			<t_title></t_title>
			<title>Local - CaMM Poller Unk. Snmptt Statistics</title>
			<t_image_format_id></t_image_format_id>
			<image_format_id>1</image_format_id>
			<t_height></t_height>
			<height>150</height>
			<t_width></t_width>
			<width>650</width>
			<t_slope_mode></t_slope_mode>
			<slope_mode>on</slope_mode>
			<t_auto_scale></t_auto_scale>
			<auto_scale>on</auto_scale>
			<t_auto_scale_opts></t_auto_scale_opts>
			<auto_scale_opts>2</auto_scale_opts>
			<t_auto_scale_log></t_auto_scale_log>
			<auto_scale_log></auto_scale_log>
			<t_scale_log_units></t_scale_log_units>
			<scale_log_units></scale_log_units>
			<t_auto_scale_rigid></t_auto_scale_rigid>
			<auto_scale_rigid></auto_scale_rigid>
			<t_auto_padding></t_auto_padding>
			<auto_padding>on</auto_padding>
			<t_export></t_export>
			<export>on</export>
			<t_upper_limit></t_upper_limit>
			<upper_limit>0</upper_limit>
			<t_lower_limit></t_lower_limit>
			<lower_limit>0</lower_limit>
			<t_base_value></t_base_value>
			<base_value>1000</base_value>
			<t_unit_value></t_unit_value>
			<unit_value></unit_value>
			<t_unit_exponent_value></t_unit_exponent_value>
			<unit_exponent_value></unit_exponent_value>
			<t_vertical_label></t_vertical_label>
			<vertical_label>rows</vertical_label>
		</graph>
		<items>
			<hash_1000195779f26979e5219c6c60405d2c681ac7>
				<task_item_id>hash_0800191fbf113a76392acb11926c77d73be1fc</task_item_id>
				<color_id>2175D9</color_id>
				<alpha>FF</alpha>
				<graph_type_id>7</graph_type_id>
				<consolidation_function_id>4</consolidation_function_id>
				<cdef_id>0</cdef_id>
				<value></value>
				<gprint_id>hash_060019e9c43831e54eca8069317a2ce8c6f751</gprint_id>
				<text_format>Old rows:         </text_format>
				<hard_return></hard_return>
				<sequence>1</sequence>
			</hash_1000195779f26979e5219c6c60405d2c681ac7>
			<hash_100019508920a0a0db7c2f1b6bb1400b39d9e3>
				<task_item_id>hash_080019bebbb909923d6c31c78793d65f0a5e8c</task_item_id>
				<color_id>0</color_id>
				<alpha>FF</alpha>
				<graph_type_id>9</graph_type_id>
				<consolidation_function_id>4</consolidation_function_id>
				<cdef_id>0</cdef_id>
				<value></value>
				<gprint_id>hash_060019e9c43831e54eca8069317a2ce8c6f751</gprint_id>
				<text_format>Current:</text_format>
				<hard_return></hard_return>
				<sequence>2</sequence>
			</hash_100019508920a0a0db7c2f1b6bb1400b39d9e3>
			<hash_100019edcde93161097b0b73f26115d0797e1e>
				<task_item_id>hash_080019bebbb909923d6c31c78793d65f0a5e8c</task_item_id>
				<color_id>0</color_id>
				<alpha>FF</alpha>
				<graph_type_id>9</graph_type_id>
				<consolidation_function_id>1</consolidation_function_id>
				<cdef_id>0</cdef_id>
				<value></value>
				<gprint_id>hash_060019e9c43831e54eca8069317a2ce8c6f751</gprint_id>
				<text_format>Average:</text_format>
				<hard_return></hard_return>
				<sequence>3</sequence>
			</hash_100019edcde93161097b0b73f26115d0797e1e>
			<hash_100019219d93b387557820bb144a8623c4f240>
				<task_item_id>hash_080019bebbb909923d6c31c78793d65f0a5e8c</task_item_id>
				<color_id>0</color_id>
				<alpha>FF</alpha>
				<graph_type_id>9</graph_type_id>
				<consolidation_function_id>3</consolidation_function_id>
				<cdef_id>0</cdef_id>
				<value></value>
				<gprint_id>hash_060019e9c43831e54eca8069317a2ce8c6f751</gprint_id>
				<text_format>Max:</text_format>
				<hard_return>on</hard_return>
				<sequence>4</sequence>
			</hash_100019219d93b387557820bb144a8623c4f240>
			<hash_100019b68fa798d0245f9249f08d00054fd3c2>
				<task_item_id>hash_0800191fbf113a76392acb11926c77d73be1fc</task_item_id>
				<color_id>000000</color_id>
				<alpha>FF</alpha>
				<graph_type_id>4</graph_type_id>
				<consolidation_function_id>1</consolidation_function_id>
				<cdef_id>0</cdef_id>
				<value></value>
				<gprint_id>hash_060019e9c43831e54eca8069317a2ce8c6f751</gprint_id>
				<text_format>All rows:</text_format>
				<hard_return></hard_return>
				<sequence>5</sequence>
			</hash_100019b68fa798d0245f9249f08d00054fd3c2>
			<hash_1000197aa318bab3e56768f42d8fadc081a75a>
				<task_item_id>hash_0800191fbf113a76392acb11926c77d73be1fc</task_item_id>
				<color_id>0</color_id>
				<alpha>FF</alpha>
				<graph_type_id>9</graph_type_id>
				<consolidation_function_id>4</consolidation_function_id>
				<cdef_id>0</cdef_id>
				<value></value>
				<gprint_id>hash_060019e9c43831e54eca8069317a2ce8c6f751</gprint_id>
				<text_format>Current:</text_format>
				<hard_return></hard_return>
				<sequence>6</sequence>
			</hash_1000197aa318bab3e56768f42d8fadc081a75a>
			<hash_100019231bea64aa4f7e404b189648c3d5baa1>
				<task_item_id>hash_0800191fbf113a76392acb11926c77d73be1fc</task_item_id>
				<color_id>0</color_id>
				<alpha>FF</alpha>
				<graph_type_id>9</graph_type_id>
				<consolidation_function_id>3</consolidation_function_id>
				<cdef_id>0</cdef_id>
				<value></value>
				<gprint_id>hash_060019e9c43831e54eca8069317a2ce8c6f751</gprint_id>
				<text_format>Max:</text_format>
				<hard_return>on</hard_return>
				<sequence>7</sequence>
			</hash_100019231bea64aa4f7e404b189648c3d5baa1>
			<hash_10001971c21216c6da61029b78893df9bd6b7f>
				<task_item_id>hash_080019f0bb7a425b627475c6182826464c410c</task_item_id>
				<color_id>00FF00</color_id>
				<alpha>FF</alpha>
				<graph_type_id>7</graph_type_id>
				<consolidation_function_id>4</consolidation_function_id>
				<cdef_id>0</cdef_id>
				<value></value>
				<gprint_id>hash_060019e9c43831e54eca8069317a2ce8c6f751</gprint_id>
				<text_format>Active:     </text_format>
				<hard_return></hard_return>
				<sequence>8</sequence>
			</hash_10001971c21216c6da61029b78893df9bd6b7f>
			<hash_100019a68b2a9ec3118981db4dea46e001ddf8>
				<task_item_id>hash_080019f0bb7a425b627475c6182826464c410c</task_item_id>
				<color_id>0</color_id>
				<alpha>FF</alpha>
				<graph_type_id>9</graph_type_id>
				<consolidation_function_id>4</consolidation_function_id>
				<cdef_id>0</cdef_id>
				<value></value>
				<gprint_id>hash_060019e9c43831e54eca8069317a2ce8c6f751</gprint_id>
				<text_format>Current:</text_format>
				<hard_return></hard_return>
				<sequence>9</sequence>
			</hash_100019a68b2a9ec3118981db4dea46e001ddf8>
			<hash_100019e74e65853c132eca16d553e7bb43b767>
				<task_item_id>hash_080019f0bb7a425b627475c6182826464c410c</task_item_id>
				<color_id>0</color_id>
				<alpha>FF</alpha>
				<graph_type_id>9</graph_type_id>
				<consolidation_function_id>1</consolidation_function_id>
				<cdef_id>0</cdef_id>
				<value></value>
				<gprint_id>hash_060019e9c43831e54eca8069317a2ce8c6f751</gprint_id>
				<text_format>Average:</text_format>
				<hard_return></hard_return>
				<sequence>10</sequence>
			</hash_100019e74e65853c132eca16d553e7bb43b767>
			<hash_100019c542f03faca638451849ff2e09eaa889>
				<task_item_id>hash_080019f0bb7a425b627475c6182826464c410c</task_item_id>
				<color_id>0</color_id>
				<alpha>FF</alpha>
				<graph_type_id>9</graph_type_id>
				<consolidation_function_id>3</consolidation_function_id>
				<cdef_id>0</cdef_id>
				<value></value>
				<gprint_id>hash_060019e9c43831e54eca8069317a2ce8c6f751</gprint_id>
				<text_format>Max:</text_format>
				<hard_return>on</hard_return>
				<sequence>11</sequence>
			</hash_100019c542f03faca638451849ff2e09eaa889>
			<hash_1000191e6262d36061c29ea59b3e4afce132e9>
				<task_item_id>hash_08001978a8d03425396ca2ddf87b3113d426f5</task_item_id>
				<color_id>FF0000</color_id>
				<alpha>FF</alpha>
				<graph_type_id>4</graph_type_id>
				<consolidation_function_id>1</consolidation_function_id>
				<cdef_id>0</cdef_id>
				<value></value>
				<gprint_id>hash_06001919414480d6897c8731c7dc6c5310653e</gprint_id>
				<text_format>Max count:</text_format>
				<hard_return></hard_return>
				<sequence>12</sequence>
			</hash_1000191e6262d36061c29ea59b3e4afce132e9>
			<hash_100019ab3c9a6988b563a75ef0d4cabdb73c18>
				<task_item_id>hash_08001978a8d03425396ca2ddf87b3113d426f5</task_item_id>
				<color_id>0</color_id>
				<alpha>FF</alpha>
				<graph_type_id>9</graph_type_id>
				<consolidation_function_id>4</consolidation_function_id>
				<cdef_id>0</cdef_id>
				<value></value>
				<gprint_id>hash_06001919414480d6897c8731c7dc6c5310653e</gprint_id>
				<text_format>Current:</text_format>
				<hard_return>on</hard_return>
				<sequence>13</sequence>
			</hash_100019ab3c9a6988b563a75ef0d4cabdb73c18>
			<hash_100019bd8a502e500b766c3bd483c53b4dfdc6>
				<task_item_id>hash_0800195e4cafad6b94770c668f96c7c9726714</task_item_id>
				<color_id>F51D30</color_id>
				<alpha>FF</alpha>
				<graph_type_id>7</graph_type_id>
				<consolidation_function_id>4</consolidation_function_id>
				<cdef_id>hash_0500193d352eed9fa8f7b2791205b3273708c7</cdef_id>
				<value></value>
				<gprint_id>hash_060019e9c43831e54eca8069317a2ce8c6f751</gprint_id>
				<text_format>AutoDel:      </text_format>
				<hard_return></hard_return>
				<sequence>18</sequence>
			</hash_100019bd8a502e500b766c3bd483c53b4dfdc6>
			<hash_1000192b4355d8bc96c1ea40ee510c0c4a34e3>
				<task_item_id>hash_080019bef54ab4eee2cb9a3b0821cfece3912e</task_item_id>
				<color_id>0</color_id>
				<alpha>FF</alpha>
				<graph_type_id>9</graph_type_id>
				<consolidation_function_id>4</consolidation_function_id>
				<cdef_id>0</cdef_id>
				<value></value>
				<gprint_id>hash_06001919414480d6897c8731c7dc6c5310653e</gprint_id>
				<text_format>Current:</text_format>
				<hard_return></hard_return>
				<sequence>19</sequence>
			</hash_1000192b4355d8bc96c1ea40ee510c0c4a34e3>
			<hash_100019cf8df02e1b5e5f06ea29db35ef0fa70f>
				<task_item_id>hash_080019bcba1f4fe336c7f0fa39f62a2bfb6e75</task_item_id>
				<color_id>0</color_id>
				<alpha>FF</alpha>
				<graph_type_id>9</graph_type_id>
				<consolidation_function_id>1</consolidation_function_id>
				<cdef_id>0</cdef_id>
				<value></value>
				<gprint_id>hash_06001919414480d6897c8731c7dc6c5310653e</gprint_id>
				<text_format>Average:</text_format>
				<hard_return></hard_return>
				<sequence>20</sequence>
			</hash_100019cf8df02e1b5e5f06ea29db35ef0fa70f>
			<hash_100019e00853da0cf137211c13ca7e2bde6b5f>
				<task_item_id>hash_080019237e946a20433d14292f86f53dfcf855</task_item_id>
				<color_id>0</color_id>
				<alpha>FF</alpha>
				<graph_type_id>9</graph_type_id>
				<consolidation_function_id>3</consolidation_function_id>
				<cdef_id>0</cdef_id>
				<value></value>
				<gprint_id>hash_06001919414480d6897c8731c7dc6c5310653e</gprint_id>
				<text_format>Max:</text_format>
				<hard_return>on</hard_return>
				<sequence>21</sequence>
			</hash_100019e00853da0cf137211c13ca7e2bde6b5f>
		</items>
		<inputs>
			<hash_0900199e9631336162edcda3727aa559e1a65d>
				<name>Data Source [count_unksnmptt]</name>
				<description></description>
				<column_name>task_item_id</column_name>
				<items>hash_000019231bea64aa4f7e404b189648c3d5baa1|hash_0000197aa318bab3e56768f42d8fadc081a75a|hash_000019b68fa798d0245f9249f08d00054fd3c2|hash_0000195779f26979e5219c6c60405d2c681ac7</items>
			</hash_0900199e9631336162edcda3727aa559e1a65d>
			<hash_0900197be9a915a26dd5d164f05d47d3d2ff8e>
				<name>Data Source [t1]</name>
				<description></description>
				<column_name>task_item_id</column_name>
				<items>hash_00001971c21216c6da61029b78893df9bd6b7f|hash_000019e74e65853c132eca16d553e7bb43b767|hash_000019c542f03faca638451849ff2e09eaa889|hash_000019a68b2a9ec3118981db4dea46e001ddf8</items>
			</hash_0900197be9a915a26dd5d164f05d47d3d2ff8e>
			<hash_0900195ab9afb26969f9eef6a31b02c4c817c6>
				<name>Data Source [count_unksnmptt_old]</name>
				<description></description>
				<column_name>task_item_id</column_name>
				<items>hash_000019508920a0a0db7c2f1b6bb1400b39d9e3|hash_000019edcde93161097b0b73f26115d0797e1e|hash_000019219d93b387557820bb144a8623c4f240</items>
			</hash_0900195ab9afb26969f9eef6a31b02c4c817c6>
			<hash_090019a1ba32c0ac42ac559a6ce905793aa886>
				<name>Data Source [camm_unksnmptt_max_]</name>
				<description></description>
				<column_name>task_item_id</column_name>
				<items>hash_000019ab3c9a6988b563a75ef0d4cabdb73c18|hash_0000191e6262d36061c29ea59b3e4afce132e9</items>
			</hash_090019a1ba32c0ac42ac559a6ce905793aa886>
			<hash_09001997c3778ccfca7fd770089b85e82da31d>
				<name>Data Source [del_traps]</name>
				<description></description>
				<column_name>task_item_id</column_name>
				<items>hash_000019bd8a502e500b766c3bd483c53b4dfdc6|hash_0000192b4355d8bc96c1ea40ee510c0c4a34e3|hash_000019cf8df02e1b5e5f06ea29db35ef0fa70f|hash_000019e00853da0cf137211c13ca7e2bde6b5f</items>
			</hash_09001997c3778ccfca7fd770089b85e82da31d>
		</inputs>
	</hash_000019b843d3bd3065627e52c3ef9a2f1a8cbe>
	<hash_010019411e97c28f947e8398794a6d1ccd6a96>
		<name>Local - CaMM Poller Unk. Snmptt Statistics</name>
		<ds>
			<t_name></t_name>
			<name>Local - CaMM Poller Unk. Snmptt Statistics</name>
			<data_input_id>hash_030019e954240b5f4d92c30f1ebef142a46a0a</data_input_id>
			<t_rra_id></t_rra_id>
			<t_rrd_step></t_rrd_step>
			<rrd_step>300</rrd_step>
			<t_active></t_active>
			<active>on</active>
			<rra_items>hash_150019c21df5178e5c955013591239eb0afd46|hash_1500190d9c0af8b8acdc7807943937b3208e29|hash_1500196fc2d038fb42950138b0ce3e9874cc60|hash_150019e36f3adb9f152adfa5dc50fd2b23337e</rra_items>
		</ds>
		<items>
			<hash_080019f0bb7a425b627475c6182826464c410c>
				<t_data_source_name></t_data_source_name>
				<data_source_name>t1</data_source_name>
				<t_rrd_minimum></t_rrd_minimum>
				<rrd_minimum>0</rrd_minimum>
				<t_rrd_maximum></t_rrd_maximum>
				<rrd_maximum>0</rrd_maximum>
				<t_data_source_type_id></t_data_source_type_id>
				<data_source_type_id>1</data_source_type_id>
				<t_rrd_heartbeat></t_rrd_heartbeat>
				<rrd_heartbeat>600</rrd_heartbeat>
				<t_data_input_field_id></t_data_input_field_id>
				<data_input_field_id>hash_07001988dddcd6d84c6f7bdd8d005bb11582dc</data_input_field_id>
			</hash_080019f0bb7a425b627475c6182826464c410c>
			<hash_0800191fbf113a76392acb11926c77d73be1fc>
				<t_data_source_name></t_data_source_name>
				<data_source_name>count_unksnmptt</data_source_name>
				<t_rrd_minimum></t_rrd_minimum>
				<rrd_minimum>0</rrd_minimum>
				<t_rrd_maximum></t_rrd_maximum>
				<rrd_maximum>0</rrd_maximum>
				<t_data_source_type_id></t_data_source_type_id>
				<data_source_type_id>1</data_source_type_id>
				<t_rrd_heartbeat></t_rrd_heartbeat>
				<rrd_heartbeat>600</rrd_heartbeat>
				<t_data_input_field_id></t_data_input_field_id>
				<data_input_field_id>hash_07001964156a7db03f79b432a2c65bebd651bb</data_input_field_id>
			</hash_0800191fbf113a76392acb11926c77d73be1fc>
			<hash_080019bebbb909923d6c31c78793d65f0a5e8c>
				<t_data_source_name></t_data_source_name>
				<data_source_name>count_unksnmptt_old</data_source_name>
				<t_rrd_minimum></t_rrd_minimum>
				<rrd_minimum>0</rrd_minimum>
				<t_rrd_maximum></t_rrd_maximum>
				<rrd_maximum>0</rrd_maximum>
				<t_data_source_type_id></t_data_source_type_id>
				<data_source_type_id>1</data_source_type_id>
				<t_rrd_heartbeat></t_rrd_heartbeat>
				<rrd_heartbeat>600</rrd_heartbeat>
				<t_data_input_field_id></t_data_input_field_id>
				<data_input_field_id>hash_070019c3d2cde7d8f055b67ee35e218499f2e6</data_input_field_id>
			</hash_080019bebbb909923d6c31c78793d65f0a5e8c>
			<hash_08001990ebd7494a1b19b79749c1b7d6493570>
				<data_source_name>del_traps</data_source_name>
				<rrd_minimum>0</rrd_minimum>
				<rrd_maximum>0</rrd_maximum>
				<data_source_type_id>1</data_source_type_id>
				<rrd_heartbeat>600</rrd_heartbeat>
				<data_input_field_id>hash_070019bf6b5bae9be04c72d1ca5813b2276691</data_input_field_id>
			</hash_08001990ebd7494a1b19b79749c1b7d6493570>
			<hash_08001978a8d03425396ca2ddf87b3113d426f5>
				<t_data_source_name></t_data_source_name>
				<data_source_name>camm_unksnmptt_max_</data_source_name>
				<t_rrd_minimum></t_rrd_minimum>
				<rrd_minimum>0</rrd_minimum>
				<t_rrd_maximum></t_rrd_maximum>
				<rrd_maximum>0</rrd_maximum>
				<t_data_source_type_id></t_data_source_type_id>
				<data_source_type_id>1</data_source_type_id>
				<t_rrd_heartbeat></t_rrd_heartbeat>
				<rrd_heartbeat>600</rrd_heartbeat>
				<t_data_input_field_id></t_data_input_field_id>
				<data_input_field_id>hash_070019f57a8a12e1ff2ce68bcc253e23bff6a4</data_input_field_id>
			</hash_08001978a8d03425396ca2ddf87b3113d426f5>
		</items>
		<data>
		</data>
	</hash_010019411e97c28f947e8398794a6d1ccd6a96>
	<hash_030019e954240b5f4d92c30f1ebef142a46a0a>
		<name>Local - CaMM Poller Unk. Snmptt Statistics</name>
		<type_id>5</type_id>
		<input_string>&lt;path_cacti&gt;/scripts/ss_camm_poller.php ss_camm_poller_unksnmptt_rows</input_string>
		<fields>
			<hash_070019f57a8a12e1ff2ce68bcc253e23bff6a4>
				<name>All count unk snmptt rows</name>
				<update_rra>on</update_rra>
				<regexp_match></regexp_match>
				<allow_nulls></allow_nulls>
				<type_code></type_code>
				<input_output>out</input_output>
				<data_name>camm_unksnmptt_max_row_all</data_name>
			</hash_070019f57a8a12e1ff2ce68bcc253e23bff6a4>
			<hash_0700192ce677fe7fd5f4095196076089d13e58>
				<name>Count of rows, deleted by autopurge</name>
				<update_rra>on</update_rra>
				<regexp_match></regexp_match>
				<allow_nulls></allow_nulls>
				<type_code></type_code>
				<input_output>out</input_output>
				<data_name>del_unk_traps</data_name>
			</hash_0700192ce677fe7fd5f4095196076089d13e58>
			<hash_07001964156a7db03f79b432a2c65bebd651bb>
				<name>All count rows in unk snmptt table</name>
				<update_rra>on</update_rra>
				<regexp_match></regexp_match>
				<allow_nulls></allow_nulls>
				<type_code></type_code>
				<input_output>out</input_output>
				<data_name>count_unksnmptt</data_name>
			</hash_07001964156a7db03f79b432a2c65bebd651bb>
			<hash_070019c3d2cde7d8f055b67ee35e218499f2e6>
				<name>count_unksnmptt_old</name>
				<update_rra>on</update_rra>
				<regexp_match></regexp_match>
				<allow_nulls></allow_nulls>
				<type_code></type_code>
				<input_output>out</input_output>
				<data_name>count_unksnmptt_old</data_name>
			</hash_070019c3d2cde7d8f055b67ee35e218499f2e6>
			<hash_07001988dddcd6d84c6f7bdd8d005bb11582dc>
				<name>temp count for graph</name>
				<update_rra>on</update_rra>
				<regexp_match></regexp_match>
				<allow_nulls></allow_nulls>
				<type_code></type_code>
				<input_output>out</input_output>
				<data_name>t1</data_name>
			</hash_07001988dddcd6d84c6f7bdd8d005bb11582dc>
		</fields>
	</hash_030019e954240b5f4d92c30f1ebef142a46a0a>
	<hash_150019c21df5178e5c955013591239eb0afd46>
		<name>Daily (5 Minute Average)</name>
		<x_files_factor>0.5</x_files_factor>
		<steps>1</steps>
		<rows>600</rows>
		<timespan>86400</timespan>
		<cf_items>1|2|3|4</cf_items>
	</hash_150019c21df5178e5c955013591239eb0afd46>
	<hash_1500190d9c0af8b8acdc7807943937b3208e29>
		<name>Weekly (30 Minute Average)</name>
		<x_files_factor>0.5</x_files_factor>
		<steps>6</steps>
		<rows>700</rows>
		<timespan>604800</timespan>
		<cf_items>1|2|3|4</cf_items>
	</hash_1500190d9c0af8b8acdc7807943937b3208e29>
	<hash_1500196fc2d038fb42950138b0ce3e9874cc60>
		<name>Monthly (2 Hour Average)</name>
		<x_files_factor>0.5</x_files_factor>
		<steps>24</steps>
		<rows>775</rows>
		<timespan>2678400</timespan>
		<cf_items>1|2|3|4</cf_items>
	</hash_1500196fc2d038fb42950138b0ce3e9874cc60>
	<hash_150019e36f3adb9f152adfa5dc50fd2b23337e>
		<name>Yearly (1 Day Average)</name>
		<x_files_factor>0.5</x_files_factor>
		<steps>288</steps>
		<rows>797</rows>
		<timespan>33053184</timespan>
		<cf_items>1|2|3|4</cf_items>
	</hash_150019e36f3adb9f152adfa5dc50fd2b23337e>
	<hash_0500193d352eed9fa8f7b2791205b3273708c7>
		<name>Make Stack Negative</name>
		<items>
			<hash_140019c888c9fe6b62c26c4bfe23e18991731d>
				<sequence>1</sequence>
				<type>4</type>
				<value>CURRENT_DATA_SOURCE</value>
			</hash_140019c888c9fe6b62c26c4bfe23e18991731d>
			<hash_1400194355c197998c7f8b285be7821ddc6da4>
				<sequence>2</sequence>
				<type>6</type>
				<value>-1</value>
			</hash_1400194355c197998c7f8b285be7821ddc6da4>
			<hash_1400191e1d0b29a94e08b648c8f053715442a0>
				<sequence>3</sequence>
				<type>2</type>
				<value>3</value>
			</hash_1400191e1d0b29a94e08b648c8f053715442a0>
		</items>
	</hash_0500193d352eed9fa8f7b2791205b3273708c7>
	<hash_060019e9c43831e54eca8069317a2ce8c6f751>
		<name>Normal</name>
		<gprint_text>%8.2lf %s</gprint_text>
	</hash_060019e9c43831e54eca8069317a2ce8c6f751>
	<hash_06001919414480d6897c8731c7dc6c5310653e>
		<name>Exact Numbers</name>
		<gprint_text>%8.0lf</gprint_text>
	</hash_06001919414480d6897c8731c7dc6c5310653e>
</cacti>