<cacti>	
	<hash_000019cf4f308771ccb9900d9c047b6c295a19>
		<name>Local - CaMM Poller Syslog Statistics</name>
		<graph>
			<t_title></t_title>
			<title>Local - CaMM Poller Syslog Statistics</title>
			<t_image_format_id></t_image_format_id>
			<image_format_id>1</image_format_id>
			<t_height></t_height>
			<height>150</height>
			<t_width></t_width>
			<width>650</width>
			<t_slope_mode></t_slope_mode>
			<slope_mode>on</slope_mode>
			<t_auto_scale></t_auto_scale>
			<auto_scale>on</auto_scale>
			<t_auto_scale_opts></t_auto_scale_opts>
			<auto_scale_opts>2</auto_scale_opts>
			<t_auto_scale_log></t_auto_scale_log>
			<auto_scale_log></auto_scale_log>
			<t_scale_log_units></t_scale_log_units>
			<scale_log_units></scale_log_units>
			<t_auto_scale_rigid></t_auto_scale_rigid>
			<auto_scale_rigid></auto_scale_rigid>
			<t_auto_padding></t_auto_padding>
			<auto_padding>on</auto_padding>
			<t_export></t_export>
			<export>on</export>
			<t_upper_limit></t_upper_limit>
			<upper_limit>0</upper_limit>
			<t_lower_limit></t_lower_limit>
			<lower_limit>0</lower_limit>
			<t_base_value></t_base_value>
			<base_value>1000</base_value>
			<t_unit_value></t_unit_value>
			<unit_value></unit_value>
			<t_unit_exponent_value></t_unit_exponent_value>
			<unit_exponent_value></unit_exponent_value>
			<t_vertical_label></t_vertical_label>
			<vertical_label>rows</vertical_label>
		</graph>
		<items>
			<hash_100019621dbe68dde1075b2a2e6a6aae6b7f67>
				<task_item_id>hash_0800196bc817c8e9ad04340f153d94c56db33e</task_item_id>
				<color_id>2175D9</color_id>
				<alpha>FF</alpha>
				<graph_type_id>7</graph_type_id>
				<consolidation_function_id>4</consolidation_function_id>
				<cdef_id>0</cdef_id>
				<value></value>
				<gprint_id>hash_060019e9c43831e54eca8069317a2ce8c6f751</gprint_id>
				<text_format>Old rows:</text_format>
				<hard_return></hard_return>
				<sequence>1</sequence>
			</hash_100019621dbe68dde1075b2a2e6a6aae6b7f67>
			<hash_100019bbd3861eed68b47f4cedcb592453581d>
				<task_item_id>hash_08001971e77b55b5661073910ec6913542dad1</task_item_id>
				<color_id>0</color_id>
				<alpha>FF</alpha>
				<graph_type_id>9</graph_type_id>
				<consolidation_function_id>4</consolidation_function_id>
				<cdef_id>0</cdef_id>
				<value></value>
				<gprint_id>hash_060019e9c43831e54eca8069317a2ce8c6f751</gprint_id>
				<text_format>Current:</text_format>
				<hard_return></hard_return>
				<sequence>2</sequence>
			</hash_100019bbd3861eed68b47f4cedcb592453581d>
			<hash_10001913c46dc8e1de0221b5e6f5a0d3574d16>
				<task_item_id>hash_08001971e77b55b5661073910ec6913542dad1</task_item_id>
				<color_id>0</color_id>
				<alpha>FF</alpha>
				<graph_type_id>9</graph_type_id>
				<consolidation_function_id>1</consolidation_function_id>
				<cdef_id>0</cdef_id>
				<value></value>
				<gprint_id>hash_060019e9c43831e54eca8069317a2ce8c6f751</gprint_id>
				<text_format>Average:</text_format>
				<hard_return></hard_return>
				<sequence>3</sequence>
			</hash_10001913c46dc8e1de0221b5e6f5a0d3574d16>
			<hash_100019f37e58e3e13085b43785726160d326be>
				<task_item_id>hash_08001971e77b55b5661073910ec6913542dad1</task_item_id>
				<color_id>0</color_id>
				<alpha>FF</alpha>
				<graph_type_id>9</graph_type_id>
				<consolidation_function_id>3</consolidation_function_id>
				<cdef_id>0</cdef_id>
				<value></value>
				<gprint_id>hash_060019e9c43831e54eca8069317a2ce8c6f751</gprint_id>
				<text_format>Max:</text_format>
				<hard_return>on</hard_return>
				<sequence>4</sequence>
			</hash_100019f37e58e3e13085b43785726160d326be>
			<hash_10001966b902e5fd418c8c7a235969329a9a62>
				<task_item_id>hash_0800196bc817c8e9ad04340f153d94c56db33e</task_item_id>
				<color_id>000000</color_id>
				<alpha>FF</alpha>
				<graph_type_id>4</graph_type_id>
				<consolidation_function_id>1</consolidation_function_id>
				<cdef_id>0</cdef_id>
				<value></value>
				<gprint_id>hash_060019e9c43831e54eca8069317a2ce8c6f751</gprint_id>
				<text_format>All   rows:</text_format>
				<hard_return></hard_return>
				<sequence>5</sequence>
			</hash_10001966b902e5fd418c8c7a235969329a9a62>
			<hash_10001987b2a49abdcf3b4f0ec6005847ae99ef>
				<task_item_id>hash_0800196bc817c8e9ad04340f153d94c56db33e</task_item_id>
				<color_id>0</color_id>
				<alpha>FF</alpha>
				<graph_type_id>9</graph_type_id>
				<consolidation_function_id>4</consolidation_function_id>
				<cdef_id>0</cdef_id>
				<value></value>
				<gprint_id>hash_060019e9c43831e54eca8069317a2ce8c6f751</gprint_id>
				<text_format>Current:</text_format>
				<hard_return></hard_return>
				<sequence>6</sequence>
			</hash_10001987b2a49abdcf3b4f0ec6005847ae99ef>
			<hash_1000192a1b0a37ad1c10d345f976fba7a436d8>
				<task_item_id>hash_0800196bc817c8e9ad04340f153d94c56db33e</task_item_id>
				<color_id>0</color_id>
				<alpha>FF</alpha>
				<graph_type_id>9</graph_type_id>
				<consolidation_function_id>3</consolidation_function_id>
				<cdef_id>0</cdef_id>
				<value></value>
				<gprint_id>hash_060019e9c43831e54eca8069317a2ce8c6f751</gprint_id>
				<text_format>Max:</text_format>
				<hard_return>on</hard_return>
				<sequence>7</sequence>
			</hash_1000192a1b0a37ad1c10d345f976fba7a436d8>
			<hash_1000190dd4983199f80ea416a6a9bea2711ba9>
				<task_item_id>hash_08001983a0b5bf0ef1eff6c609ebe79ba2bb00</task_item_id>
				<color_id>00FF00</color_id>
				<alpha>FF</alpha>
				<graph_type_id>7</graph_type_id>
				<consolidation_function_id>4</consolidation_function_id>
				<cdef_id>0</cdef_id>
				<value></value>
				<gprint_id>hash_060019e9c43831e54eca8069317a2ce8c6f751</gprint_id>
				<text_format>Active:     </text_format>
				<hard_return></hard_return>
				<sequence>8</sequence>
			</hash_1000190dd4983199f80ea416a6a9bea2711ba9>
			<hash_10001972f71f1a2aa27285755c2d682698fb17>
				<task_item_id>hash_08001983a0b5bf0ef1eff6c609ebe79ba2bb00</task_item_id>
				<color_id>0</color_id>
				<alpha>FF</alpha>
				<graph_type_id>9</graph_type_id>
				<consolidation_function_id>4</consolidation_function_id>
				<cdef_id>0</cdef_id>
				<value></value>
				<gprint_id>hash_060019e9c43831e54eca8069317a2ce8c6f751</gprint_id>
				<text_format>Current:</text_format>
				<hard_return></hard_return>
				<sequence>9</sequence>
			</hash_10001972f71f1a2aa27285755c2d682698fb17>
			<hash_10001944abf81139ff5787f2fa43eeb2130381>
				<task_item_id>hash_08001983a0b5bf0ef1eff6c609ebe79ba2bb00</task_item_id>
				<color_id>0</color_id>
				<alpha>FF</alpha>
				<graph_type_id>9</graph_type_id>
				<consolidation_function_id>1</consolidation_function_id>
				<cdef_id>0</cdef_id>
				<value></value>
				<gprint_id>hash_060019e9c43831e54eca8069317a2ce8c6f751</gprint_id>
				<text_format>Average:</text_format>
				<hard_return></hard_return>
				<sequence>10</sequence>
			</hash_10001944abf81139ff5787f2fa43eeb2130381>
			<hash_100019c61988a0a7574babada377534c1046ec>
				<task_item_id>hash_08001983a0b5bf0ef1eff6c609ebe79ba2bb00</task_item_id>
				<color_id>0</color_id>
				<alpha>FF</alpha>
				<graph_type_id>9</graph_type_id>
				<consolidation_function_id>3</consolidation_function_id>
				<cdef_id>0</cdef_id>
				<value></value>
				<gprint_id>hash_060019e9c43831e54eca8069317a2ce8c6f751</gprint_id>
				<text_format>Max:</text_format>
				<hard_return>on</hard_return>
				<sequence>11</sequence>
			</hash_100019c61988a0a7574babada377534c1046ec>
			<hash_1000199db62d526152a542ab0f4deab4f6b586>
				<task_item_id>hash_0800194e6c2d10599fb290219cab86cccbbc46</task_item_id>
				<color_id>FF0000</color_id>
				<alpha>FF</alpha>
				<graph_type_id>4</graph_type_id>
				<consolidation_function_id>1</consolidation_function_id>
				<cdef_id>0</cdef_id>
				<value></value>
				<gprint_id>hash_06001919414480d6897c8731c7dc6c5310653e</gprint_id>
				<text_format>Max count:</text_format>
				<hard_return></hard_return>
				<sequence>12</sequence>
			</hash_1000199db62d526152a542ab0f4deab4f6b586>
			<hash_100019564409408406ea604497a65ad6dc56b6>
				<task_item_id>hash_0800194e6c2d10599fb290219cab86cccbbc46</task_item_id>
				<color_id>0</color_id>
				<alpha>FF</alpha>
				<graph_type_id>9</graph_type_id>
				<consolidation_function_id>4</consolidation_function_id>
				<cdef_id>0</cdef_id>
				<value></value>
				<gprint_id>hash_06001919414480d6897c8731c7dc6c5310653e</gprint_id>
				<text_format>Current:</text_format>
				<hard_return>on</hard_return>
				<sequence>13</sequence>
			</hash_100019564409408406ea604497a65ad6dc56b6>
			<hash_100019c5a11d778f15496491eb519c6ef858f1>
				<task_item_id>hash_08001923005cb27e875ce7a910f7f19b9d2a8d</task_item_id>
				<color_id>FFFF00</color_id>
				<alpha>FF</alpha>
				<graph_type_id>7</graph_type_id>
				<consolidation_function_id>1</consolidation_function_id>
				<cdef_id>0</cdef_id>
				<value></value>
				<gprint_id>hash_06001919414480d6897c8731c7dc6c5310653e</gprint_id>
				<text_format>Rules  Del:</text_format>
				<hard_return></hard_return>
				<sequence>14</sequence>
			</hash_100019c5a11d778f15496491eb519c6ef858f1>
			<hash_100019a92c49cd6b546cd88a429f47dbecbb1f>
				<task_item_id>hash_08001923005cb27e875ce7a910f7f19b9d2a8d</task_item_id>
				<color_id>0</color_id>
				<alpha>FF</alpha>
				<graph_type_id>9</graph_type_id>
				<consolidation_function_id>4</consolidation_function_id>
				<cdef_id>0</cdef_id>
				<value></value>
				<gprint_id>hash_06001919414480d6897c8731c7dc6c5310653e</gprint_id>
				<text_format>Current:</text_format>
				<hard_return></hard_return>
				<sequence>15</sequence>
			</hash_100019a92c49cd6b546cd88a429f47dbecbb1f>
			<hash_100019991e7f9de9798de0150b0c4224bc0aa6>
				<task_item_id>hash_08001923005cb27e875ce7a910f7f19b9d2a8d</task_item_id>
				<color_id>0</color_id>
				<alpha>FF</alpha>
				<graph_type_id>9</graph_type_id>
				<consolidation_function_id>1</consolidation_function_id>
				<cdef_id>0</cdef_id>
				<value></value>
				<gprint_id>hash_06001919414480d6897c8731c7dc6c5310653e</gprint_id>
				<text_format>Average:</text_format>
				<hard_return></hard_return>
				<sequence>16</sequence>
			</hash_100019991e7f9de9798de0150b0c4224bc0aa6>
			<hash_100019f244e069a99b79b56102d2b4cbb10073>
				<task_item_id>hash_08001923005cb27e875ce7a910f7f19b9d2a8d</task_item_id>
				<color_id>0</color_id>
				<alpha>FF</alpha>
				<graph_type_id>9</graph_type_id>
				<consolidation_function_id>3</consolidation_function_id>
				<cdef_id>0</cdef_id>
				<value></value>
				<gprint_id>hash_06001919414480d6897c8731c7dc6c5310653e</gprint_id>
				<text_format>Max:</text_format>
				<hard_return>on</hard_return>
				<sequence>17</sequence>
			</hash_100019f244e069a99b79b56102d2b4cbb10073>
			<hash_100019939051b19b277d40d17fe11ca7782652>
				<task_item_id>hash_080019071a6d7d04b7023b60964e82abbcb780</task_item_id>
				<color_id>F51D30</color_id>
				<alpha>FF</alpha>
				<graph_type_id>7</graph_type_id>
				<consolidation_function_id>4</consolidation_function_id>
				<cdef_id>hash_0500193d352eed9fa8f7b2791205b3273708c7</cdef_id>
				<value></value>
				<gprint_id>hash_060019e9c43831e54eca8069317a2ce8c6f751</gprint_id>
				<text_format>AutoDel:      </text_format>
				<hard_return></hard_return>
				<sequence>18</sequence>
			</hash_100019939051b19b277d40d17fe11ca7782652>
			<hash_100019c0a5e3f82f8af37324f130c7e2ea9047>
				<task_item_id>hash_080019071a6d7d04b7023b60964e82abbcb780</task_item_id>
				<color_id>0</color_id>
				<alpha>FF</alpha>
				<graph_type_id>9</graph_type_id>
				<consolidation_function_id>4</consolidation_function_id>
				<cdef_id>0</cdef_id>
				<value></value>
				<gprint_id>hash_060019e9c43831e54eca8069317a2ce8c6f751</gprint_id>
				<text_format>Current:</text_format>
				<hard_return></hard_return>
				<sequence>19</sequence>
			</hash_100019c0a5e3f82f8af37324f130c7e2ea9047>
			<hash_10001941fccc59c5fb0e77ae5b039ef1a11c09>
				<task_item_id>hash_080019071a6d7d04b7023b60964e82abbcb780</task_item_id>
				<color_id>0</color_id>
				<alpha>FF</alpha>
				<graph_type_id>9</graph_type_id>
				<consolidation_function_id>1</consolidation_function_id>
				<cdef_id>0</cdef_id>
				<value></value>
				<gprint_id>hash_060019e9c43831e54eca8069317a2ce8c6f751</gprint_id>
				<text_format>Average:</text_format>
				<hard_return></hard_return>
				<sequence>20</sequence>
			</hash_10001941fccc59c5fb0e77ae5b039ef1a11c09>
			<hash_100019c3cbde4832aab9f63f06684f930f2cff>
				<task_item_id>hash_080019071a6d7d04b7023b60964e82abbcb780</task_item_id>
				<color_id>0</color_id>
				<alpha>FF</alpha>
				<graph_type_id>9</graph_type_id>
				<consolidation_function_id>3</consolidation_function_id>
				<cdef_id>0</cdef_id>
				<value></value>
				<gprint_id>hash_060019e9c43831e54eca8069317a2ce8c6f751</gprint_id>
				<text_format>Max:</text_format>
				<hard_return>on</hard_return>
				<sequence>21</sequence>
			</hash_100019c3cbde4832aab9f63f06684f930f2cff>
		</items>
		<inputs>
			<hash_090019359dee374f8ae413e03434828b1746e7>
				<name>Data Source [t1]</name>
				<description></description>
				<column_name>task_item_id</column_name>
				<items>hash_0000190dd4983199f80ea416a6a9bea2711ba9|hash_00001944abf81139ff5787f2fa43eeb2130381|hash_000019c61988a0a7574babada377534c1046ec|hash_00001972f71f1a2aa27285755c2d682698fb17</items>
			</hash_090019359dee374f8ae413e03434828b1746e7>
			<hash_090019341ebb1ae10f2554cd52e3f75bb56c4a>
				<name>Data Source [camm_sys_max_row_al]</name>
				<description></description>
				<column_name>task_item_id</column_name>
				<items>hash_000019564409408406ea604497a65ad6dc56b6|hash_0000199db62d526152a542ab0f4deab4f6b586</items>
			</hash_090019341ebb1ae10f2554cd52e3f75bb56c4a>
			<hash_090019c8b7d362a400c3148cf313708b768b34>
				<name>Data Source [count_syslog_old]</name>
				<description></description>
				<column_name>task_item_id</column_name>
				<items>hash_000019bbd3861eed68b47f4cedcb592453581d|hash_00001913c46dc8e1de0221b5e6f5a0d3574d16|hash_000019f37e58e3e13085b43785726160d326be</items>
			</hash_090019c8b7d362a400c3148cf313708b768b34>
			<hash_090019f8f43a7c5510b1986f933b8382b53754>
				<name>Data Source [count_syslogs]</name>
				<description></description>
				<column_name>task_item_id</column_name>
				<items>hash_0000192a1b0a37ad1c10d345f976fba7a436d8|hash_00001987b2a49abdcf3b4f0ec6005847ae99ef|hash_00001966b902e5fd418c8c7a235969329a9a62|hash_000019621dbe68dde1075b2a2e6a6aae6b7f67</items>
			</hash_090019f8f43a7c5510b1986f933b8382b53754>
			<hash_09001987a5c4ee6c49d19ada508beaa8426d09>
				<name>Data Source [del_rule]</name>
				<description></description>
				<column_name>task_item_id</column_name>
				<items>hash_000019991e7f9de9798de0150b0c4224bc0aa6|hash_000019f244e069a99b79b56102d2b4cbb10073|hash_000019a92c49cd6b546cd88a429f47dbecbb1f|hash_000019c5a11d778f15496491eb519c6ef858f1</items>
			</hash_09001987a5c4ee6c49d19ada508beaa8426d09>
			<hash_090019c1c21d0e37faac6ada0e086285da1d3c>
				<name>Data Source [del_sys_messages]</name>
				<description></description>
				<column_name>task_item_id</column_name>
				<items>hash_000019939051b19b277d40d17fe11ca7782652|hash_000019c0a5e3f82f8af37324f130c7e2ea9047|hash_00001941fccc59c5fb0e77ae5b039ef1a11c09|hash_000019c3cbde4832aab9f63f06684f930f2cff</items>
			</hash_090019c1c21d0e37faac6ada0e086285da1d3c>
		</inputs>
	</hash_000019cf4f308771ccb9900d9c047b6c295a19>
	<hash_010019078cf4c6dfc2ea9c8d7342c729e1ab7d>
		<name>Local - CaMM Poller Syslog Statistics</name>
		<ds>
			<t_name></t_name>
			<name>Local - CaMM Poller Syslog Statistics</name>
			<data_input_id>hash_03001971de96d0a474f878f43af728646ff7d8</data_input_id>
			<t_rra_id></t_rra_id>
			<t_rrd_step></t_rrd_step>
			<rrd_step>300</rrd_step>
			<t_active></t_active>
			<active>on</active>
			<rra_items>hash_150019c21df5178e5c955013591239eb0afd46|hash_1500190d9c0af8b8acdc7807943937b3208e29|hash_1500196fc2d038fb42950138b0ce3e9874cc60|hash_150019e36f3adb9f152adfa5dc50fd2b23337e</rra_items>
		</ds>
		<items>
			<hash_0800194e6c2d10599fb290219cab86cccbbc46>
				<t_data_source_name></t_data_source_name>
				<data_source_name>camm_sys_max_row_al</data_source_name>
				<t_rrd_minimum></t_rrd_minimum>
				<rrd_minimum>0</rrd_minimum>
				<t_rrd_maximum></t_rrd_maximum>
				<rrd_maximum>0</rrd_maximum>
				<t_data_source_type_id></t_data_source_type_id>
				<data_source_type_id>1</data_source_type_id>
				<t_rrd_heartbeat></t_rrd_heartbeat>
				<rrd_heartbeat>600</rrd_heartbeat>
				<t_data_input_field_id></t_data_input_field_id>
				<data_input_field_id>hash_0700195bc9109adfdb83ef66505b6a610c9b04</data_input_field_id>
			</hash_0800194e6c2d10599fb290219cab86cccbbc46>
			<hash_08001923005cb27e875ce7a910f7f19b9d2a8d>
				<t_data_source_name></t_data_source_name>
				<data_source_name>del_rule</data_source_name>
				<t_rrd_minimum></t_rrd_minimum>
				<rrd_minimum>0</rrd_minimum>
				<t_rrd_maximum></t_rrd_maximum>
				<rrd_maximum>0</rrd_maximum>
				<t_data_source_type_id></t_data_source_type_id>
				<data_source_type_id>1</data_source_type_id>
				<t_rrd_heartbeat></t_rrd_heartbeat>
				<rrd_heartbeat>600</rrd_heartbeat>
				<t_data_input_field_id></t_data_input_field_id>
				<data_input_field_id>hash_0700194effcbb76dbe0fc659fd4013c0532fe2</data_input_field_id>
			</hash_08001923005cb27e875ce7a910f7f19b9d2a8d>
			<hash_0800196bc817c8e9ad04340f153d94c56db33e>
				<t_data_source_name></t_data_source_name>
				<data_source_name>count_syslogs</data_source_name>
				<t_rrd_minimum></t_rrd_minimum>
				<rrd_minimum>0</rrd_minimum>
				<t_rrd_maximum></t_rrd_maximum>
				<rrd_maximum>0</rrd_maximum>
				<t_data_source_type_id></t_data_source_type_id>
				<data_source_type_id>1</data_source_type_id>
				<t_rrd_heartbeat></t_rrd_heartbeat>
				<rrd_heartbeat>600</rrd_heartbeat>
				<t_data_input_field_id></t_data_input_field_id>
				<data_input_field_id>hash_0700190e4359318930024f08cad76902456981</data_input_field_id>
			</hash_0800196bc817c8e9ad04340f153d94c56db33e>
			<hash_080019071a6d7d04b7023b60964e82abbcb780>
				<t_data_source_name></t_data_source_name>
				<data_source_name>del_sys_messages</data_source_name>
				<t_rrd_minimum></t_rrd_minimum>
				<rrd_minimum>0</rrd_minimum>
				<t_rrd_maximum></t_rrd_maximum>
				<rrd_maximum>0</rrd_maximum>
				<t_data_source_type_id></t_data_source_type_id>
				<data_source_type_id>1</data_source_type_id>
				<t_rrd_heartbeat></t_rrd_heartbeat>
				<rrd_heartbeat>600</rrd_heartbeat>
				<t_data_input_field_id></t_data_input_field_id>
				<data_input_field_id>hash_07001984af8f9cfe0de154c043abb99feac7b9</data_input_field_id>
			</hash_080019071a6d7d04b7023b60964e82abbcb780>
			<hash_08001971e77b55b5661073910ec6913542dad1>
				<t_data_source_name></t_data_source_name>
				<data_source_name>count_syslog_old</data_source_name>
				<t_rrd_minimum></t_rrd_minimum>
				<rrd_minimum>0</rrd_minimum>
				<t_rrd_maximum></t_rrd_maximum>
				<rrd_maximum>0</rrd_maximum>
				<t_data_source_type_id></t_data_source_type_id>
				<data_source_type_id>1</data_source_type_id>
				<t_rrd_heartbeat></t_rrd_heartbeat>
				<rrd_heartbeat>600</rrd_heartbeat>
				<t_data_input_field_id></t_data_input_field_id>
				<data_input_field_id>hash_0700197d758e87263af80bd5caf9e6d5ac689a</data_input_field_id>
			</hash_08001971e77b55b5661073910ec6913542dad1>
			<hash_08001983a0b5bf0ef1eff6c609ebe79ba2bb00>
				<t_data_source_name></t_data_source_name>
				<data_source_name>t1</data_source_name>
				<t_rrd_minimum></t_rrd_minimum>
				<rrd_minimum>0</rrd_minimum>
				<t_rrd_maximum></t_rrd_maximum>
				<rrd_maximum>0</rrd_maximum>
				<t_data_source_type_id></t_data_source_type_id>
				<data_source_type_id>1</data_source_type_id>
				<t_rrd_heartbeat></t_rrd_heartbeat>
				<rrd_heartbeat>600</rrd_heartbeat>
				<t_data_input_field_id></t_data_input_field_id>
				<data_input_field_id>hash_0700191054e3db45de0f5703bc113a962af31a</data_input_field_id>
			</hash_08001983a0b5bf0ef1eff6c609ebe79ba2bb00>
		</items>
		<data>
		</data>
	</hash_010019078cf4c6dfc2ea9c8d7342c729e1ab7d>
	<hash_03001971de96d0a474f878f43af728646ff7d8>
		<name>Local - CaMM Poller Syslog Statistics</name>
		<type_id>5</type_id>
		<input_string>&lt;path_cacti&gt;/scripts/ss_camm_poller.php ss_camm_poller_syslog_rows</input_string>
		<fields>
			<hash_0700190e4359318930024f08cad76902456981>
				<name>count_syslogs</name>
				<update_rra>on</update_rra>
				<regexp_match></regexp_match>
				<allow_nulls></allow_nulls>
				<type_code></type_code>
				<input_output>out</input_output>
				<data_name>count_syslogs</data_name>
			</hash_0700190e4359318930024f08cad76902456981>
			<hash_07001984af8f9cfe0de154c043abb99feac7b9>
				<name>del_sys_messages</name>
				<update_rra>on</update_rra>
				<regexp_match></regexp_match>
				<allow_nulls></allow_nulls>
				<type_code></type_code>
				<input_output>out</input_output>
				<data_name>del_sys_messages</data_name>
			</hash_07001984af8f9cfe0de154c043abb99feac7b9>
			<hash_0700195bc9109adfdb83ef66505b6a610c9b04>
				<name>camm_sys_max_row_all</name>
				<update_rra>on</update_rra>
				<regexp_match></regexp_match>
				<allow_nulls></allow_nulls>
				<type_code></type_code>
				<input_output>out</input_output>
				<data_name>camm_sys_max_row_all</data_name>
			</hash_0700195bc9109adfdb83ef66505b6a610c9b04>
			<hash_0700194effcbb76dbe0fc659fd4013c0532fe2>
				<name>Count rows, deleted by rules</name>
				<update_rra>on</update_rra>
				<regexp_match></regexp_match>
				<allow_nulls></allow_nulls>
				<type_code></type_code>
				<input_output>out</input_output>
				<data_name>del_rule</data_name>
			</hash_0700194effcbb76dbe0fc659fd4013c0532fe2>
			<hash_0700197d758e87263af80bd5caf9e6d5ac689a>
				<name>count_syslog_old</name>
				<update_rra>on</update_rra>
				<regexp_match></regexp_match>
				<allow_nulls></allow_nulls>
				<type_code></type_code>
				<input_output>out</input_output>
				<data_name>count_syslog_old</data_name>
			</hash_0700197d758e87263af80bd5caf9e6d5ac689a>
			<hash_0700191054e3db45de0f5703bc113a962af31a>
				<name>temp count for graph</name>
				<update_rra>on</update_rra>
				<regexp_match></regexp_match>
				<allow_nulls></allow_nulls>
				<type_code></type_code>
				<input_output>out</input_output>
				<data_name>t1</data_name>
			</hash_0700191054e3db45de0f5703bc113a962af31a>
		</fields>
	</hash_03001971de96d0a474f878f43af728646ff7d8>
	<hash_150019c21df5178e5c955013591239eb0afd46>
		<name>Daily (5 Minute Average)</name>
		<x_files_factor>0.5</x_files_factor>
		<steps>1</steps>
		<rows>600</rows>
		<timespan>86400</timespan>
		<cf_items>1|2|3|4</cf_items>
	</hash_150019c21df5178e5c955013591239eb0afd46>
	<hash_1500190d9c0af8b8acdc7807943937b3208e29>
		<name>Weekly (30 Minute Average)</name>
		<x_files_factor>0.5</x_files_factor>
		<steps>6</steps>
		<rows>700</rows>
		<timespan>604800</timespan>
		<cf_items>1|2|3|4</cf_items>
	</hash_1500190d9c0af8b8acdc7807943937b3208e29>
	<hash_1500196fc2d038fb42950138b0ce3e9874cc60>
		<name>Monthly (2 Hour Average)</name>
		<x_files_factor>0.5</x_files_factor>
		<steps>24</steps>
		<rows>775</rows>
		<timespan>2678400</timespan>
		<cf_items>1|2|3|4</cf_items>
	</hash_1500196fc2d038fb42950138b0ce3e9874cc60>
	<hash_150019e36f3adb9f152adfa5dc50fd2b23337e>
		<name>Yearly (1 Day Average)</name>
		<x_files_factor>0.5</x_files_factor>
		<steps>288</steps>
		<rows>797</rows>
		<timespan>33053184</timespan>
		<cf_items>1|2|3|4</cf_items>
	</hash_150019e36f3adb9f152adfa5dc50fd2b23337e>
	<hash_0500193d352eed9fa8f7b2791205b3273708c7>
		<name>Make Stack Negative</name>
		<items>
			<hash_140019c888c9fe6b62c26c4bfe23e18991731d>
				<sequence>1</sequence>
				<type>4</type>
				<value>CURRENT_DATA_SOURCE</value>
			</hash_140019c888c9fe6b62c26c4bfe23e18991731d>
			<hash_1400194355c197998c7f8b285be7821ddc6da4>
				<sequence>2</sequence>
				<type>6</type>
				<value>-1</value>
			</hash_1400194355c197998c7f8b285be7821ddc6da4>
			<hash_1400191e1d0b29a94e08b648c8f053715442a0>
				<sequence>3</sequence>
				<type>2</type>
				<value>3</value>
			</hash_1400191e1d0b29a94e08b648c8f053715442a0>
		</items>
	</hash_0500193d352eed9fa8f7b2791205b3273708c7>
	<hash_060019e9c43831e54eca8069317a2ce8c6f751>
		<name>Normal</name>
		<gprint_text>%8.2lf %s</gprint_text>
	</hash_060019e9c43831e54eca8069317a2ce8c6f751>
	<hash_06001919414480d6897c8731c7dc6c5310653e>
		<name>Exact Numbers</name>
		<gprint_text>%8.0lf</gprint_text>
	</hash_06001919414480d6897c8731c7dc6c5310653e>
</cacti>